step,timestamp_s,cmd_x,cmd_y,cmd_z,cmd_qw,cmd_qx,cmd_qy,cmd_qz,joint_1_pos,joint_2_pos,joint_3_pos,joint_4_pos,joint_5_pos,joint_6_pos,joint_7_pos
1,1788745196.568509,-0.000100,0.000000,0.000300,0.000000,0.000000,0.000000,1.000000,-0.000954,0.000954,0.000954,0.005531,0.003242,0.000191,0.004387
2,1788745196.570664,-0.000200,0.000000,0.000600,0.000000,0.000000,0.000000,1.000000,-0.000954,0.000954,0.000954,0.005531,0.003242,0.000191,0.004387
3,1788745196.572817,-0.000300,0.000000,0.000900,0.000000,0.000000,0.000000,1.000000,-0.000954,0.000954,0.000954,0.005531,0.003242,0.000191,0.004387
4,1788745196.575157,-0.000400,0.000000,0.001200,0.000000,0.000000,0.000000,1.000000,-0.000954,0.000954,0.000954,0.005531,0.003242,-0.000191,0.004387
5,1788745196.577482,-0.000500,0.000000,0.001500,0.000000,0.000000,0.000000,1.000000,-0.000954,0.000954,0.000954,0.005531,0.003242,0.000191,0.004387
6,1788745196.579687,-0.000600,0.000000,0.001800,0.000000,0.000000,0.000000,1.000000,-0.000954,0.000954,0.000954,0.005531,0.003242,0.000191,0.004387
7,1788745196.582083,-0.000700,0.000000,0.002100,0.000000,0.000000,0.000000,1.000000,-0.000954,0.000954,0.000954,0.005531,0.003242,-0.000191,0.004387
8,1788745196.584487,-0.000800,0.000000,0.002400,0.000000,0.000000,0.000000,1.000000,-0.000954,0.000954,0.000954,0.005531,0.003242,0.000191,0.004387
9,1788745196.587052,-0.000900,0.000000,0.002700,0.000000,0.000000,0.000000,1.000000,-0.000954,0.000954,0.000954,0.005531,0.003242,0.000191,0.004387
10,1788745196.589277,-0.001000,0.000000,0.003000,0.000000,0.000000,0.000000,1.000000,-0.000954,0.000954,0.000954,0.005531,0.003242,0.000191,0.004387
11,1788745196.591684,-0.001100,0.000000,0.003300,0.000000,0.000000,0.000000,1.000000,-0.000954,0.000954,0.000954,0.005531,0.003242,0.000191,0.004387
12,1788745196.594105,-0.001200,0.000000,0.003600,0.000000,0.000000,0.000000,1.000000,-0.000954,0.000954,0.000954,0.005531,0.003242,-0.000191,0.004005
13,1788745196.596388,-0.001300,0.000000,0.003900,0.000000,0.000000,0.000000,1.000000,-0.000954,0.000954,0.000954,0.005531,0.003242,-0.000191,0.004387
14,1788745196.598825,-0.001400,0.000000,0.004200,0.000000,0.000000,0.000000,1.000000,-0.000954,0.000954,0.000954,0.005531,0.003242,0.000191,0.004387
15,1788745196.601218,-0.001500,0.000000,0.004500,0.000000,0.000000,0.000000,1.000000,-0.000954,0.000954,0.000954,0.005531,0.003242,0.000191,0.004387
16,1788745196.603537,-0.001600,0.000000,0.004800,0.000000,0.000000,0.000000,1.000000,-0.000572,0.000954,0.000954,0.005531,0.003242,0.000191,0.004387
17,1788745196.605945,-0.001700,0.000000,0.005100,0.000000,0.000000,0.000000,1.000000,-0.000954,0.000954,0.000954,0.005531,0.003242,-0.000191,0.004387
18,1788745196.608263,-0.001800,0.000000,0.005400,0.000000,0.000000,0.000000,1.000000,-0.000954,0.000954,0.000954,0.005531,0.003242,0.000191,0.004387
19,1788745196.610530,-0.001900,0.000000,0.005700,0.000000,0.000000,0.000000,1.000000,-0.000954,0.000954,0.000954,0.005531,0.003242,-0.000191,0.004387
20,1788745196.612716,-0.002000,0.000000,0.006000,0.000000,0.000000,0.000000,1.000000,-0.000954,0.000954,0.000954,0.005531,0.003242,0.000191,0.004387
21,1788745196.614987,-0.002100,0.000000,0.006300,0.000000,0.000000,0.000000,1.000000,-0.000954,0.000954,0.000954,0.005531,0.003242,-0.000191,0.004387
22,1788745196.617273,-0.002200,0.000000,0.006600,0.000000,0.000000,0.000000,1.000000,-0.000954,0.000954,0.000954,0.005531,0.003242,0.000191,0.004387
23,1788745196.619528,-0.002300,0.000000,0.006900,0.000000,0.000000,0.000000,1.000000,-0.000572,0.000954,0.000954,0.005531,0.003242,0.000191,0.004387
24,1788745196.621776,-0.002400,0.000000,0.007200,0.000000,0.000000,0.000000,1.000000,-0.000954,0.000954,0.000954,0.005531,0.003242,0.000191,0.004387
25,1788745196.624038,-0.002500,0.000000,0.007500,0.000000,0.000000,0.000000,1.000000,-0.000572,0.000954,0.000954,0.005531,0.003242,0.000191,0.004387
26,1788745196.626454,-0.002600,0.000000,0.007800,0.000000,0.000000,0.000000,1.000000,-0.000954,0.000954,0.000954,0.005531,0.003242,0.000191,0.004387
27,1788745196.628845,-0.002700,0.000000,0.008100,0.000000,0.000000,0.000000,1.000000,-0.000572,0.000954,0.000954,0.005531,0.003242,0.000191,0.004387
28,1788745196.631278,-0.002800,0.000000,0.008400,0.000000,0.000000,0.000000,1.000000,-0.000572,0.000954,0.000954,0.005531,0.003242,-0.000191,0.004387
29,1788745196.633698,-0.002900,0.000000,0.008700,0.000000,0.000000,0.000000,1.000000,-0.000572,0.000954,0.000954,0.005531,0.003242,-0.000191,0.004387
30,1788745196.636041,-0.003000,0.000000,0.009000,0.000000,0.000000,0.000000,1.000000,-0.000954,0.000954,0.000954,0.005531,0.003242,0.000191,0.004387
31,1788745196.638447,-0.003100,0.000000,0.009300,0.000000,0.000000,0.000000,1.000000,-0.000572,0.000954,0.000954,0.005531,0.003242,0.000191,0.004387
32,1788745196.640832,-0.003200,0.000000,0.009600,0.000000,0.000000,0.000000,1.000000,-0.000572,0.000954,0.000954,0.005531,0.003242,0.000191,0.004387
33,1788745196.643201,-0.003300,0.000000,0.009900,0.000000,0.000000,0.000000,1.000000,-0.000572,0.000954,0.000954,0.005531,0.003242,-0.000191,0.004387
34,1788745196.645435,-0.003400,0.000000,0.010200,0.000000,0.000000,0.000000,1.000000,-0.000572,0.000954,0.000954,0.005150,0.003242,0.000191,0.004387
35,1788745196.647680,-0.003500,0.000000,0.010500,0.000000,0.000000,0.000000,1.000000,-0.000572,0.000954,0.000954,0.005150,0.003242,0.000191,0.004387
36,1788745196.649857,-0.003600,0.000000,0.010800,0.000000,0.000000,0.000000,1.000000,-0.000572,0.000954,0.000954,0.005150,0.003242,-0.000191,0.004387
37,1788745196.652051,-0.003700,0.000000,0.011100,0.000000,0.000000,0.000000,1.000000,-0.000572,0.000954,0.000954,0.005150,0.003242,-0.000191,0.004768
38,1788745196.654278,-0.003800,0.000000,0.011400,0.000000,0.000000,0.000000,1.000000,-0.000572,0.000954,0.000954,0.005150,0.003242,-0.000191,0.004768
39,1788745196.656462,-0.003900,0.000000,0.011700,0.000000,0.000000,0.000000,1.000000,-0.000572,0.000954,0.000954,0.004768,0.002861,0.000191,0.004768
40,1788745196.658640,-0.004000,0.000000,0.012000,0.000000,0.000000,0.000000,1.000000,-0.000572,0.000954,0.000954,0.004387,0.003242,0.000191,0.004768
41,1788745196.660795,-0.004100,0.000000,0.012300,0.000000,0.000000,0.000000,1.000000,-0.000572,0.000954,0.000954,0.004005,0.003242,0.000191,0.004768
42,1788745196.663024,-0.004200,0.000000,0.012600,0.000000,0.000000,0.000000,1.000000,-0.000572,0.000954,0.000954,0.003624,0.003242,0.000191,0.005150
43,1788745196.665272,-0.004300,0.000000,0.012900,0.000000,0.000000,0.000000,1.000000,-0.000572,0.000954,0.000954,0.003242,0.003242,-0.000191,0.005531
44,1788745196.667450,-0.004400,0.000000,0.013200,0.000000,0.000000,0.000000,1.000000,-0.000572,0.000954,0.000954,0.002861,0.003242,0.000191,0.005913
45,1788745196.669611,-0.004500,0.000000,0.013500,0.000000,0.000000,0.000000,1.000000,-0.000572,0.000954,0.000954,0.002861,0.003242,-0.000191,0.006294
46,1788745196.671763,-0.004600,0.000000,0.013800,0.000000,0.000000,0.000000,1.000000,-0.000191,0.000954,0.000954,0.002480,0.003242,-0.000191,0.006294
47,1788745196.673904,-0.004700,0.000000,0.014100,0.000000,0.000000,0.000000,1.000000,-0.000191,0.000954,0.000954,0.002098,0.003242,-0.000191,0.006676
48,1788745196.676059,-0.004800,0.000000,0.014400,0.000000,0.000000,0.000000,1.000000,-0.000191,0.000954,0.000954,0.001335,0.003242,-0.000191,0.007057
49,1788745196.678212,-0.004900,0.000000,0.014700,0.000000,0.000000,0.000000,1.000000,-0.000191,0.000954,0.000954,0.000954,0.003242,-0.000191,0.007439
50,1788745196.680371,-0.005000,0.000000,0.015000,0.000000,0.000000,0.000000,1.000000,-0.000191,0.000954,0.000954,0.000572,0.003242,0.000191,0.007820
51,1788745196.682513,-0.005100,0.000000,0.015300,0.000000,0.000000,0.000000,1.000000,0.000191,0.000954,0.000954,0.000191,0.003242,0.000191,0.008202
52,1788745196.684665,-0.005200,0.000000,0.015600,0.000000,0.000000,0.000000,1.000000,0.000191,0.000954,0.000954,-0.000572,0.003242,-0.000191,0.008583
53,1788745196.686901,-0.005300,0.000000,0.015900,0.000000,0.000000,0.000000,1.000000,0.000191,0.000954,0.000954,-0.000572,0.003242,-0.000191,0.008583
54,1788745196.689030,-0.005400,0.000000,0.016200,0.000000,0.000000,0.000000,1.000000,0.000572,0.000954,0.000954,-0.001335,0.003242,0.000191,0.008583
55,1788745196.691210,-0.005500,0.000000,0.016500,0.000000,0.000000,0.000000,1.000000,0.000572,0.000954,0.000954,-0.001717,0.003242,0.000191,0.008583
56,1788745196.693370,-0.005600,0.000000,0.016800,0.000000,0.000000,0.000000,1.000000,0.000572,0.000954,0.000954,-0.002480,0.003242,-0.000191,0.008583
57,1788745196.695523,-0.005700,0.000000,0.017100,0.000000,0.000000,0.000000,1.000000,0.000572,0.000954,0.000954,-0.002861,0.003242,-0.000191,0.008583
58,1788745196.697680,-0.005800,0.000000,0.017400,0.000000,0.000000,0.000000,1.000000,0.000954,0.000954,0.000954,-0.003242,0.003242,0.000191,0.008202
59,1788745196.699816,-0.005900,0.000000,0.017700,0.000000,0.000000,0.000000,1.000000,0.000954,0.000954,0.000954,-0.003624,0.003242,-0.000191,0.008202
60,1788745196.701953,-0.006000,0.000000,0.018000,0.000000,0.000000,0.000000,1.000000,0.000954,0.000954,0.000954,-0.004387,0.003242,0.000191,0.008583
61,1788745196.704076,-0.006100,0.000000,0.018300,0.000000,0.000000,0.000000,1.000000,0.000954,0.000954,0.000954,-0.005150,0.003242,0.000191,0.008583
62,1788745196.706284,-0.006200,0.000000,0.018600,0.000000,0.000000,0.000000,1.000000,0.001335,0.000954,0.000954,-0.005913,0.003242,0.000191,0.008583
63,1788745196.708613,-0.006300,0.000000,0.018900,0.000000,0.000000,0.000000,1.000000,0.001335,0.000954,0.000954,-0.006676,0.003242,-0.000191,0.009346
64,1788745196.710909,-0.006400,0.000000,0.019200,0.000000,0.000000,0.000000,1.000000,0.001717,0.000954,0.000954,-0.007820,0.003242,-0.000191,0.010490
65,1788745196.713303,-0.006500,0.000000,0.019500,0.000000,0.000000,0.000000,1.000000,0.001717,0.000954,0.000954,-0.008202,0.003242,-0.000191,0.011253
66,1788745196.715604,-0.006600,0.000000,0.019800,0.000000,0.000000,0.000000,1.000000,0.001717,0.000954,0.000954,-0.008202,0.003242,-0.000191,0.011635
67,1788745196.717874,-0.006700,0.000000,0.020100,0.000000,0.000000,0.000000,1.000000,0.002098,0.000954,0.000954,-0.009346,0.003242,-0.000191,0.012398
68,1788745196.720164,-0.006800,0.000000,0.020400,0.000000,0.000000,0.000000,1.000000,0.002098,0.000954,0.000954,-0.010109,0.003242,-0.000191,0.012398
69,1788745196.722517,-0.006900,0.000000,0.020700,0.000000,0.000000,0.000000,1.000000,0.002098,0.000954,0.000954,-0.010490,0.003242,-0.000191,0.012779
70,1788745196.724811,-0.007000,0.000000,0.021000,0.000000,0.000000,0.000000,1.000000,0.002480,0.000954,0.000954,-0.011635,0.003242,0.000191,0.013161
71,1788745196.727180,-0.007100,0.000000,0.021300,0.000000,0.000000,0.000000,1.000000,0.002480,0.000954,0.000954,-0.013161,0.003242,-0.000191,0.013542
72,1788745196.729721,-0.007200,0.000000,0.021600,0.000000,0.000000,0.000000,1.000000,0.002480,0.000954,0.000954,-0.013924,0.003242,-0.000191,0.013542
73,1788745196.732201,-0.007300,0.000000,0.021900,0.000000,0.000000,0.000000,1.000000,0.002480,0.000954,0.000954,-0.014687,0.003242,0.000191,0.013924
74,1788745196.734606,-0.007400,0.000000,0.022200,0.000000,0.000000,0.000000,1.000000,0.002480,0.000954,0.000954,-0.015068,0.003242,0.000191,0.014305
75,1788745196.736989,-0.007500,0.000000,0.022500,0.000000,0.000000,0.000000,1.000000,0.002861,0.000954,0.000954,-0.015831,0.003242,-0.000191,0.014687
76,1788745196.739327,-0.007600,0.000000,0.022800,0.000000,0.000000,0.000000,1.000000,0.002861,0.000954,0.000954,-0.016975,0.003242,-0.000191,0.015068
77,1788745196.741583,-0.007700,0.000000,0.023100,0.000000,0.000000,0.000000,1.000000,0.002861,0.000954,0.000954,-0.017738,0.003242,0.000191,0.015450
78,1788745196.743766,-0.007800,0.000000,0.023400,0.000000,0.000000,0.000000,1.000000,0.002861,0.000954,0.000954,-0.018501,0.003242,0.000191,0.015831
79,1788745196.746213,-0.007900,0.000000,0.023700,0.000000,0.000000,0.000000,1.000000,0.003242,0.000954,0.000954,-0.019646,0.003242,-0.000191,0.016594
80,1788745196.748511,-0.008000,0.000000,0.024000,0.000000,0.000000,0.000000,1.000000,0.003242,0.000954,0.000954,-0.020409,0.003242,-0.000191,0.016594
81,1788745196.750689,-0.008100,0.000000,0.024300,0.000000,0.000000,0.000000,1.000000,0.003242,0.000954,0.000954,-0.021172,0.003242,-0.000191,0.016975
82,1788745196.753007,-0.008200,0.000000,0.024600,0.000000,0.000000,0.000000,1.000000,0.003242,0.000954,0.000954,-0.022697,0.003242,0.000191,0.018501
83,1788745196.755313,-0.008300,0.000000,0.024900,0.000000,0.000000,0.000000,1.000000,0.003242,0.000954,0.000954,-0.023460,0.003242,0.000191,0.018883
84,1788745196.757690,-0.008400,0.000000,0.025200,0.000000,0.000000,0.000000,1.000000,0.003624,0.000954,0.000954,-0.024605,0.003242,-0.000191,0.019264
85,1788745196.760009,-0.008500,0.000000,0.025500,0.000000,0.000000,0.000000,1.000000,0.003624,0.000954,0.000954,-0.024986,0.003242,-0.000191,0.020027
86,1788745196.762285,-0.008600,0.000000,0.025800,0.000000,0.000000,0.000000,1.000000,0.003624,0.000954,0.000954,-0.026131,0.003242,0.000191,0.020790
87,1788745196.764706,-0.008700,0.000000,0.026100,0.000000,0.000000,0.000000,1.000000,0.003624,0.000954,0.000954,-0.027275,0.003242,-0.000191,0.021553
88,1788745196.766872,-0.008800,0.000000,0.026400,0.000000,0.000000,0.000000,1.000000,0.004005,0.000954,0.000954,-0.027657,0.003242,-0.000191,0.022316
89,1788745196.769286,-0.008900,0.000000,0.026700,0.000000,0.000000,0.000000,1.000000,0.004005,0.000954,0.000954,-0.029564,0.003242,-0.000191,0.023842
90,1788745196.771913,-0.009000,0.000000,0.027000,0.000000,0.000000,0.000000,1.000000,0.004387,0.000954,0.000954,-0.029564,0.003242,-0.000191,0.023842
91,1788745196.774070,-0.009100,0.000000,0.027300,0.000000,0.000000,0.000000,1.000000,0.004387,0.000954,0.000954,-0.031472,0.003242,0.000191,0.024223
92,1788745196.776457,-0.009200,0.000000,0.027600,0.000000,0.000000,0.000000,1.000000,0.004387,0.000954,0.000954,-0.032617,0.003242,-0.000191,0.024605
93,1788745196.778780,-0.009300,0.000000,0.027900,0.000000,0.000000,0.000000,1.000000,0.004768,0.000954,0.000954,-0.033380,0.003242,-0.000191,0.024986
94,1788745196.781098,-0.009400,0.000000,0.028200,0.000000,0.000000,0.000000,1.000000,0.004768,0.000954,0.000954,-0.035287,0.003242,-0.000191,0.026894
95,1788745196.783444,-0.009500,0.000000,0.028500,0.000000,0.000000,0.000000,1.000000,0.004768,0.000954,0.000954,-0.036050,0.003242,-0.000191,0.027275
96,1788745196.785748,-0.009600,0.000000,0.028800,0.000000,0.000000,0.000000,1.000000,0.005150,0.000954,0.000954,-0.037194,0.003242,-0.000191,0.028038
97,1788745196.788018,-0.009700,0.000000,0.029100,0.000000,0.000000,0.000000,1.000000,0.005150,0.000954,0.000954,-0.037957,0.003242,-0.000191,0.028419
98,1788745196.790305,-0.009800,0.000000,0.029400,0.000000,0.000000,0.000000,1.000000,0.005150,0.000954,0.000954,-0.039102,0.003242,-0.000191,0.029182
99,1788745196.792593,-0.009900,0.000000,0.029700,0.000000,0.000000,0.000000,1.000000,0.005531,0.000954,0.000954,-0.040627,0.003242,-0.000191,0.029945
100,1788745196.794855,-0.010000,0.000000,0.030000,0.000000,0.000000,0.000000,1.000000,0.005531,0.000954,0.000954,-0.041009,0.003242,-0.000191,0.030327
101,1788745196.797016,-0.010100,0.000000,0.030300,0.000000,0.000000,0.000000,1.000000,0.005913,0.000954,0.000954,-0.042916,0.003242,-0.000191,0.031472
102,1788745196.799352,-0.010200,0.000000,0.030600,0.000000,0.000000,0.000000,1.000000,0.005913,0.000954,0.000954,-0.044442,0.003242,-0.000191,0.031854
103,1788745196.801813,-0.010300,0.000000,0.030900,0.000000,0.000000,0.000000,1.000000,0.006294,0.000954,0.000954,-0.045587,0.003242,-0.000191,0.032235
104,1788745196.804111,-0.010400,0.000000,0.031200,0.000000,0.000000,0.000000,1.000000,0.006294,0.000954,0.000954,-0.046350,0.003242,-0.000191,0.032617
105,1788745196.806383,-0.010500,0.000000,0.031500,0.000000,0.000000,0.000000,1.000000,0.006676,0.000954,0.000954,-0.047494,0.003242,-0.000191,0.033380
106,1788745196.808671,-0.010600,0.000000,0.031800,0.000000,0.000000,0.000000,1.000000,0.006676,0.000954,0.000954,-0.048257,0.003242,-0.000191,0.033761
107,1788745196.810921,-0.010700,0.000000,0.032100,0.000000,0.000000,0.000000,1.000000,0.007057,0.000954,0.000954,-0.050546,0.003242,-0.000191,0.035287
108,1788745196.813173,-0.010800,0.000000,0.032400,0.000000,0.000000,0.000000,1.000000,0.007057,0.000954,0.000954,-0.051309,0.003242,-0.000191,0.035668
109,1788745196.815428,-0.010900,0.000000,0.032700,0.000000,0.000000,0.000000,1.000000,0.007439,0.000954,0.000954,-0.052835,0.003242,-0.000191,0.036431
110,1788745196.817589,-0.011000,0.000000,0.033000,0.000000,0.000000,0.000000,1.000000,0.007439,0.000954,0.000954,-0.054360,0.003242,-0.000191,0.036813
111,1788745196.819777,-0.011100,0.000000,0.033300,0.000000,0.000000,0.000000,1.000000,0.007439,0.000954,0.000954,-0.055123,0.003242,-0.000191,0.037194
112,1788745196.821944,-0.011200,0.000000,0.033600,0.000000,0.000000,0.000000,1.000000,0.007820,0.000954,0.000954,-0.056268,0.003242,-0.000191,0.038339
113,1788745196.824085,-0.011300,0.000000,0.033900,0.000000,0.000000,0.000000,1.000000,0.007820,0.000954,0.000954,-0.057031,0.003242,-0.000191,0.038720
114,1788745196.826258,-0.011400,0.000000,0.034200,0.000000,0.000000,0.000000,1.000000,0.008202,0.000954,0.000954,-0.058557,0.003242,-0.000191,0.039483
115,1788745196.828420,-0.011500,0.000000,0.034500,0.000000,0.000000,0.000000,1.000000,0.008583,0.000954,0.000954,-0.060082,0.003242,-0.000191,0.040246
116,1788745196.830650,-0.011600,0.000000,0.034800,0.000000,0.000000,0.000000,1.000000,0.008583,0.000954,0.000954,-0.060845,0.003242,-0.000191,0.040627
117,1788745196.832829,-0.011700,0.000000,0.035100,0.000000,0.000000,0.000000,1.000000,0.008965,0.000954,0.000954,-0.062371,0.003242,-0.000191,0.041772
118,1788745196.834989,-0.011800,0.000000,0.035400,0.000000,0.000000,0.000000,1.000000,0.009346,0.000954,0.000954,-0.064279,0.003242,-0.000191,0.043298
119,1788745196.837163,-0.011900,0.000000,0.035700,0.000000,0.000000,0.000000,1.000000,0.009346,0.000954,0.000954,-0.065804,0.003242,-0.000191,0.044061
120,1788745196.839335,-0.012000,0.000000,0.036000,0.000000,0.000000,0.000000,1.000000,0.009727,0.000954,0.000954,-0.066567,0.003242,-0.000191,0.044442
121,1788745196.841524,-0.012100,0.000000,0.036300,0.000000,0.000000,0.000000,1.000000,0.009727,0.000954,0.000954,-0.068093,0.003242,-0.000191,0.045587
122,1788745196.843706,-0.012200,0.000000,0.036600,0.000000,0.000000,0.000000,1.000000,0.010109,0.000954,0.000954,-0.069238,0.003242,-0.000191,0.046350
123,1788745196.845892,-0.012300,0.000000,0.036900,0.000000,0.000000,0.000000,1.000000,0.010109,0.000954,0.000954,-0.070382,0.003242,-0.000191,0.046731
124,1788745196.848161,-0.012400,0.000000,0.037200,0.000000,0.000000,0.000000,1.000000,0.010490,0.000954,0.000954,-0.071908,0.003242,-0.000191,0.047494
125,1788745196.850470,-0.012500,0.000000,0.037500,0.000000,0.000000,0.000000,1.000000,0.010490,0.000954,0.000954,-0.072671,0.003242,-0.000191,0.047875
126,1788745196.852746,-0.012600,0.000000,0.037800,0.000000,0.000000,0.000000,1.000000,0.010872,0.000954,0.000954,-0.074197,0.003242,-0.000191,0.049020
127,1788745196.855033,-0.012700,0.000000,0.038100,0.000000,0.000000,0.000000,1.000000,0.011635,0.000954,0.000954,-0.076486,0.003242,-0.000191,0.050546
128,1788745196.857265,-0.012800,0.000000,0.038400,0.000000,0.000000,0.000000,1.000000,0.012016,0.000954,0.000954,-0.078012,0.003242,-0.000191,0.051309
129,1788745196.859442,-0.012900,0.000000,0.038700,0.000000,0.000000,0.000000,1.000000,0.012016,0.000954,0.000954,-0.078774,0.003242,-0.000191,0.052072
130,1788745196.861599,-0.013000,0.000000,0.039000,0.000000,0.000000,0.000000,1.000000,0.012398,0.000954,0.000954,-0.080300,0.003242,-0.000191,0.053216
131,1788745196.863778,-0.013100,0.000000,0.039300,0.000000,0.000000,0.000000,1.000000,0.012779,0.000954,0.000954,-0.081826,0.003242,-0.000191,0.053979
132,1788745196.865946,-0.013200,0.000000,0.039600,0.000000,0.000000,0.000000,1.000000,0.012779,0.000954,0.000954,-0.082589,0.003242,-0.000191,0.054742
133,1788745196.868100,-0.013300,0.000000,0.039900,0.000000,0.000000,0.000000,1.000000,0.013542,0.000954,0.000954,-0.084115,0.003242,-0.000191,0.055886
134,1788745196.870253,-0.013400,0.000000,0.040200,0.000000,0.000000,0.000000,1.000000,0.013542,0.000954,0.000954,-0.084878,0.003242,-0.000191,0.056268
135,1788745196.872438,-0.013500,0.000000,0.040500,0.000000,0.000000,0.000000,1.000000,0.013924,0.000954,0.000954,-0.086404,0.003242,-0.000191,0.057412
136,1788745196.874630,-0.013600,0.000000,0.040800,0.000000,0.000000,0.000000,1.000000,0.014305,0.000954,0.000954,-0.087930,0.003242,-0.000191,0.058557
137,1788745196.876809,-0.013700,0.000000,0.041100,0.000000,0.000000,0.000000,1.000000,0.014305,0.000954,0.000954,-0.088693,0.003242,-0.000191,0.058938
138,1788745196.879036,-0.013800,0.000000,0.041400,0.000000,0.000000,0.000000,1.000000,0.015068,0.000954,0.000954,-0.091744,0.003242,-0.000191,0.060845
139,1788745196.881223,-0.013900,0.000000,0.041700,0.000000,0.000000,0.000000,1.000000,0.015450,0.000954,0.000954,-0.092507,0.003242,-0.000191,0.061227
140,1788745196.883399,-0.014000,0.000000,0.042000,0.000000,0.000000,0.000000,1.000000,0.015831,0.000954,0.000954,-0.094034,0.003242,-0.000191,0.061990
141,1788745196.885569,-0.014100,0.000000,0.042300,0.000000,0.000000,0.000000,1.000000,0.015831,0.000954,0.001335,-0.094797,0.003242,-0.000191,0.063134
142,1788745196.887754,-0.014200,0.000000,0.042600,0.000000,0.000000,0.000000,1.000000,0.016212,0.000954,0.000954,-0.096323,0.003242,-0.000191,0.063897
143,1788745196.889948,-0.014300,0.000000,0.042900,0.000000,0.000000,0.000000,1.000000,0.016594,0.000954,0.000954,-0.097849,0.003242,-0.000191,0.065042
144,1788745196.892127,-0.014400,0.000000,0.043200,0.000000,0.000000,0.000000,1.000000,0.016975,0.000954,0.000954,-0.098612,0.003242,-0.000191,0.065804
145,1788745196.894301,-0.014500,0.000000,0.043500,0.000000,0.000000,0.000000,1.000000,0.017357,0.000954,0.000954,-0.100138,0.003242,-0.000191,0.066949
146,1788745196.896463,-0.014600,0.000000,0.043800,0.000000,0.000000,0.000000,1.000000,0.017738,0.000954,0.000954,-0.101282,0.003242,-0.000191,0.067712
147,1788745196.898615,-0.014700,0.000000,0.044100,0.000000,0.000000,0.000000,1.000000,0.018120,0.000954,0.000954,-0.102427,0.003242,-0.000191,0.068475
148,1788745196.900791,-0.014800,0.000000,0.044400,0.000000,0.000000,0.000000,1.000000,0.018501,0.000954,0.000954,-0.103952,0.003242,-0.000191,0.069238
149,1788745196.902970,-0.014900,0.000000,0.044700,0.000000,0.000000,0.000000,1.000000,0.018883,0.000954,0.001335,-0.106623,0.003242,-0.000191,0.071527
150,1788745196.905199,-0.015000,0.000000,0.045000,0.000000,0.000000,0.000000,1.000000,0.019264,0.000954,0.000954,-0.106623,0.003242,-0.000191,0.071908
151,1788745196.907394,-0.015100,0.000000,0.045300,0.000000,0.000000,0.000000,1.000000,0.019646,0.000954,0.001335,-0.108530,0.003242,-0.000191,0.072671
152,1788745196.909575,-0.015200,0.000000,0.045600,0.000000,0.000000,0.000000,1.000000,0.020027,0.000954,0.001335,-0.110056,0.003242,-0.000191,0.073815
153,1788745196.911763,-0.015300,0.000000,0.045900,0.000000,0.000000,0.000000,1.000000,0.020409,0.000954,0.000954,-0.111582,0.003242,-0.000191,0.074578
154,1788745196.913946,-0.015400,0.000000,0.046200,0.000000,0.000000,0.000000,1.000000,0.020409,0.000954,0.000954,-0.112345,0.003242,-0.000191,0.075341
155,1788745196.916139,-0.015500,0.000000,0.046500,0.000000,0.000000,0.000000,1.000000,0.020790,0.000954,0.001335,-0.113489,0.003242,-0.000191,0.076104
156,1788745196.918323,-0.015600,0.000000,0.046800,0.000000,0.000000,0.000000,1.000000,0.021172,0.000954,0.000954,-0.114634,0.003242,-0.000191,0.076486
157,1788745196.920503,-0.015700,0.000000,0.047100,0.000000,0.000000,0.000000,1.000000,0.021553,0.000954,0.001335,-0.115778,0.003242,-0.000191,0.076867
158,1788745196.922695,-0.015800,0.000000,0.047400,0.000000,0.000000,0.000000,1.000000,0.021553,0.000954,0.001335,-0.117304,0.003242,-0.000191,0.078012
159,1788745196.924947,-0.015900,0.000000,0.047700,0.000000,0.000000,0.000000,1.000000,0.021935,0.000954,0.001335,-0.118067,0.003242,-0.000191,0.079537
160,1788745196.927197,-0.016000,0.000000,0.048000,0.000000,0.000000,0.000000,1.000000,0.022316,0.000954,0.001335,-0.120356,0.003242,-0.000191,0.079919
161,1788745196.929390,-0.016100,0.000000,0.048300,0.000000,0.000000,0.000000,1.000000,0.022697,0.000954,0.001335,-0.121881,0.003242,-0.000191,0.081063
162,1788745196.931550,-0.016200,0.000000,0.048600,0.000000,0.000000,0.000000,1.000000,0.023079,0.000954,0.001335,-0.123407,0.003242,-0.000191,0.082208
163,1788745196.933727,-0.016300,0.000000,0.048900,0.000000,0.000000,0.000000,1.000000,0.023460,0.000954,0.001335,-0.124170,0.003242,-0.000191,0.082971
164,1788745196.935899,-0.016400,0.000000,0.049200,0.000000,0.000000,0.000000,1.000000,0.024223,0.000954,0.001335,-0.125696,0.003242,-0.000191,0.084115
165,1788745196.938075,-0.016500,0.000000,0.049500,0.000000,0.000000,0.000000,1.000000,0.024605,0.000954,0.001335,-0.127222,0.003242,-0.000191,0.085641
166,1788745196.940229,-0.016600,0.000000,0.049800,0.000000,0.000000,0.000000,1.000000,0.024605,0.000954,0.001335,-0.128366,0.003242,-0.000191,0.086785
167,1788745196.942372,-0.016700,0.000000,0.050100,0.000000,0.000000,0.000000,1.000000,0.024986,0.000954,0.001335,-0.129892,0.003242,-0.000191,0.087930
168,1788745196.944541,-0.016800,0.000000,0.050400,0.000000,0.000000,0.000000,1.000000,0.025368,0.000954,0.001335,-0.130655,0.003624,-0.000191,0.088693
169,1788745196.946711,-0.016900,0.000000,0.050700,0.000000,0.000000,0.000000,1.000000,0.025749,0.000954,0.001335,-0.132181,0.003242,-0.000191,0.090219
170,1788745196.948908,-0.017000,0.000000,0.051000,0.000000,0.000000,0.000000,1.000000,0.026512,0.000954,0.001335,-0.134851,0.003242,-0.000191,0.092507
171,1788745196.951178,-0.017100,0.000000,0.051300,0.000000,0.000000,0.000000,1.000000,0.026894,0.000954,0.001335,-0.136377,0.003242,-0.000191,0.094034
172,1788745196.953367,-0.017200,0.000000,0.051600,0.000000,0.000000,0.000000,1.000000,0.026894,0.000954,0.001335,-0.137522,0.003242,-0.000191,0.094797
173,1788745196.955542,-0.017300,0.000000,0.051900,0.000000,0.000000,0.000000,1.000000,0.027657,0.000954,0.001335,-0.139048,0.003242,-0.000191,0.095942
174,1788745196.957723,-0.017400,0.000000,0.052200,0.000000,0.000000,0.000000,1.000000,0.028038,0.000954,0.001335,-0.140574,0.003624,-0.000191,0.097086
175,1788745196.959899,-0.017500,0.000000,0.052500,0.000000,0.000000,0.000000,1.000000,0.028038,0.000954,0.001335,-0.141336,0.003242,-0.000191,0.097849
176,1788745196.962067,-0.017600,0.000000,0.052800,0.000000,0.000000,0.000000,1.000000,0.028419,0.000572,0.001335,-0.142862,0.003242,-0.000191,0.098612
177,1788745196.964261,-0.017700,0.000000,0.053100,0.000000,0.000000,0.000000,1.000000,0.029182,0.000954,0.001335,-0.144770,0.003242,-0.000191,0.099756
178,1788745196.966438,-0.017800,0.000000,0.053400,0.000000,0.000000,0.000000,1.000000,0.029182,0.000572,0.001335,-0.145533,0.003242,-0.000191,0.100519
179,1788745196.968602,-0.017900,0.000000,0.053700,0.000000,0.000000,0.000000,1.000000,0.029945,0.000954,0.001335,-0.147058,0.003242,-0.000191,0.101282
180,1788745196.970787,-0.018000,0.000000,0.054000,0.000000,0.000000,0.000000,1.000000,0.030327,0.000954,0.001335,-0.147821,0.003242,-0.000191,0.102045
181,1788745196.972957,-0.018100,0.000000,0.054300,0.000000,0.000000,0.000000,1.000000,0.031090,0.000572,0.001335,-0.150873,0.003242,-0.000191,0.103952
182,1788745196.975184,-0.018200,0.000000,0.054600,0.000000,0.000000,0.000000,1.000000,0.031472,0.000572,0.001335,-0.152018,0.003624,-0.000191,0.105097
183,1788745196.977351,-0.018300,0.000000,0.054900,0.000000,0.000000,0.000000,1.000000,0.031854,0.000572,0.001335,-0.153543,0.003242,-0.000191,0.105860
184,1788745196.979501,-0.018400,0.000000,0.055200,0.000000,0.000000,0.000000,1.000000,0.032235,0.000572,0.001335,-0.154306,0.003242,-0.000191,0.106623
185,1788745196.981629,-0.018500,0.000000,0.055500,0.000000,0.000000,0.000000,1.000000,0.032617,0.000572,0.001335,-0.156214,0.003242,-0.000191,0.108149
186,1788745196.983778,-0.018600,0.000000,0.055800,0.000000,0.000000,0.000000,1.000000,0.032998,0.000572,0.001335,-0.157741,0.003242,-0.000191,0.109293
187,1788745196.985946,-0.018700,0.000000,0.056100,0.000000,0.000000,0.000000,1.000000,0.032998,0.000572,0.001335,-0.158885,0.003242,-0.000191,0.110056
188,1788745196.988119,-0.018800,0.000000,0.056400,0.000000,0.000000,0.000000,1.000000,0.033761,0.000572,0.001335,-0.160411,0.003242,-0.000572,0.111582
189,1788745196.990325,-0.018900,0.000000,0.056700,0.000000,0.000000,0.000000,1.000000,0.034142,0.000572,0.001335,-0.161937,0.003242,-0.000191,0.113108
190,1788745196.992673,-0.019000,0.000000,0.057000,0.000000,0.000000,0.000000,1.000000,0.034142,0.000572,0.001335,-0.163081,0.003242,-0.000191,0.113871
191,1788745196.994849,-0.019100,0.000000,0.057300,0.000000,0.000000,0.000000,1.000000,0.034524,0.000572,0.001335,-0.164607,0.003242,-0.000191,0.115396
192,1788745196.997300,-0.019200,0.000000,0.057600,0.000000,0.000000,0.000000,1.000000,0.035287,0.000572,0.001335,-0.167277,0.003624,-0.000191,0.118067
193,1788745196.999478,-0.019300,0.000000,0.057900,0.000000,0.000000,0.000000,1.000000,0.035668,0.000572,0.001335,-0.168803,0.003242,-0.000572,0.119211
194,1788745197.001635,-0.019400,0.000000,0.058200,0.000000,0.000000,0.000000,1.000000,0.036050,0.000572,0.001335,-0.169948,0.003624,-0.000572,0.119974
195,1788745197.003809,-0.019500,0.000000,0.058500,0.000000,0.000000,0.000000,1.000000,0.036813,0.000572,0.001335,-0.171474,0.003242,-0.000191,0.121500
196,1788745197.005979,-0.019600,0.000000,0.058800,0.000000,0.000000,0.000000,1.000000,0.036813,0.000572,0.001335,-0.172618,0.003624,-0.000572,0.121881
197,1788745197.008140,-0.019700,0.000000,0.059100,0.000000,0.000000,0.000000,1.000000,0.037194,0.000572,0.001717,-0.174144,0.003242,-0.000572,0.123407
198,1788745197.010319,-0.019800,0.000000,0.059400,0.000000,0.000000,0.000000,1.000000,0.037576,0.000572,0.001717,-0.176051,0.003242,-0.000572,0.124552
199,1788745197.012473,-0.019900,0.000000,0.059700,0.000000,0.000000,0.000000,1.000000,0.037957,0.000572,0.001717,-0.176814,0.003242,-0.000572,0.124933
200,1788745197.014652,-0.020000,0.000000,0.060000,0.000000,0.000000,0.000000,1.000000,0.038339,0.000572,0.001717,-0.178721,0.003242,-0.000572,0.126078
201,1788745197.016838,-0.020100,0.000000,0.060300,0.000000,0.000000,0.000000,1.000000,0.039102,0.000572,0.001717,-0.180247,0.003624,-0.000572,0.127222
202,1788745197.018996,-0.020200,0.000000,0.060600,0.000000,0.000000,0.000000,1.000000,0.039483,0.000191,0.001717,-0.181010,0.003624,-0.000572,0.129129
203,1788745197.021140,-0.020300,0.000000,0.060900,0.000000,0.000000,0.000000,1.000000,0.039865,0.000191,0.001717,-0.183681,0.003624,-0.000572,0.129892
204,1788745197.023322,-0.020400,0.000000,0.061200,0.000000,0.000000,0.000000,1.000000,0.040246,0.000191,0.001717,-0.185206,0.003242,-0.000572,0.131037
205,1788745197.025526,-0.020500,0.000000,0.061500,0.000000,0.000000,0.000000,1.000000,0.040627,0.000191,0.001717,-0.186732,0.003242,-0.000572,0.132181
206,1788745197.027713,-0.020600,0.000000,0.061800,0.000000,0.000000,0.000000,1.000000,0.041009,0.000191,0.001717,-0.187495,0.003624,-0.000572,0.132944
207,1788745197.029876,-0.020700,0.000000,0.062100,0.000000,0.000000,0.000000,1.000000,0.041390,0.000191,0.002098,-0.189403,0.003624,-0.000572,0.134470
208,1788745197.032073,-0.020800,0.000000,0.062400,0.000000,0.000000,0.000000,1.000000,0.041772,0.000191,0.002098,-0.190928,0.003624,-0.000572,0.135614
209,1788745197.034263,-0.020900,0.000000,0.062700,0.000000,0.000000,0.000000,1.000000,0.042153,0.000191,0.002098,-0.190928,0.003624,-0.000572,0.136377
210,1788745197.036448,-0.021000,0.000000,0.063000,0.000000,0.000000,0.000000,1.000000,0.042916,0.000191,0.002098,-0.193599,0.003242,-0.000572,0.137522
211,1788745197.038628,-0.021100,0.000000,0.063300,0.000000,0.000000,0.000000,1.000000,0.043298,0.000191,0.002098,-0.195506,0.003242,-0.000572,0.138666
212,1788745197.040783,-0.021200,0.000000,0.063600,0.000000,0.000000,0.000000,1.000000,0.043298,0.000191,0.002098,-0.196269,0.003624,-0.000572,0.139429
213,1788745197.042949,-0.021300,0.000000,0.063900,0.000000,0.000000,0.000000,1.000000,0.044061,0.000191,0.002098,-0.198939,0.003242,-0.000572,0.141336
214,1788745197.045121,-0.021400,0.000000,0.064200,0.000000,0.000000,0.000000,1.000000,0.044442,0.000191,0.002098,-0.200465,0.003624,-0.000572,0.142862
215,1788745197.047287,-0.021500,0.000000,0.064500,0.000000,0.000000,0.000000,1.000000,0.044824,0.000191,0.002098,-0.201991,0.003242,-0.000572,0.144007
216,1788745197.049442,-0.021600,0.000000,0.064800,0.000000,0.000000,0.000000,1.000000,0.045205,0.000191,0.002098,-0.203135,0.003624,-0.000572,0.144770
217,1788745197.051598,-0.021700,0.000000,0.065100,0.000000,0.000000,0.000000,1.000000,0.045587,0.000191,0.002098,-0.204661,0.003242,-0.000572,0.145914
218,1788745197.053739,-0.021800,0.000000,0.065400,0.000000,0.000000,0.000000,1.000000,0.045968,0.000191,0.002098,-0.206569,0.003624,-0.000572,0.147058
219,1788745197.055896,-0.021900,0.000000,0.065700,0.000000,0.000000,0.000000,1.000000,0.046350,0.000191,0.002098,-0.207332,0.003624,-0.000572,0.147821
220,1788745197.058056,-0.022000,0.000000,0.066000,0.000000,0.000000,0.000000,1.000000,0.046731,0.000191,0.002098,-0.208858,0.003624,-0.000572,0.148966
221,1788745197.060230,-0.022100,0.000000,0.066300,0.000000,0.000000,0.000000,1.000000,0.046731,0.000191,0.002098,-0.210002,0.003624,-0.000572,0.149729
222,1788745197.062387,-0.022200,0.000000,0.066600,0.000000,0.000000,0.000000,1.000000,0.047112,0.000191,0.002098,-0.211528,0.003624,-0.000572,0.151255
223,1788745197.064543,-0.022300,0.000000,0.066900,0.000000,0.000000,0.000000,1.000000,0.047112,0.000191,0.002098,-0.213435,0.003624,-0.000572,0.152781
224,1788745197.066704,-0.022400,0.000000,0.067200,0.000000,0.000000,0.000000,1.000000,0.047494,0.000191,0.002098,-0.214198,0.003624,-0.000572,0.153543
225,1788745197.068877,-0.022500,0.000000,0.067500,0.000000,0.000000,0.000000,1.000000,0.047875,0.000191,0.002098,-0.216105,0.003624,-0.000572,0.155069
226,1788745197.071047,-0.022600,0.000000,0.067800,0.000000,0.000000,0.000000,1.000000,0.048638,0.000191,0.002098,-0.218777,0.003624,-0.000572,0.157359
227,1788745197.073254,-0.022700,0.000000,0.068100,0.000000,0.000000,0.000000,1.000000,0.049020,0.000191,0.002098,-0.220303,0.003624,-0.000572,0.158885
228,1788745197.075444,-0.022800,0.000000,0.068400,0.000000,0.000000,0.000000,1.000000,0.049401,0.000191,0.002098,-0.221447,0.003242,-0.000572,0.160029
229,1788745197.077675,-0.022900,0.000000,0.068700,0.000000,0.000000,0.000000,1.000000,0.049783,0.000191,0.002098,-0.223354,0.003624,-0.000572,0.161555
230,1788745197.079968,-0.023000,0.000000,0.069000,0.000000,0.000000,0.000000,1.000000,0.050164,-0.000191,0.002098,-0.225262,0.003624,-0.000572,0.162700
231,1788745197.082171,-0.023100,0.000000,0.069300,0.000000,0.000000,0.000000,1.000000,0.050164,-0.000191,0.002098,-0.226025,0.003624,-0.000572,0.163463
232,1788745197.084335,-0.023200,0.000000,0.069600,0.000000,0.000000,0.000000,1.000000,0.050546,-0.000191,0.002098,-0.227932,0.003624,-0.000954,0.164989
233,1788745197.086517,-0.023300,0.000000,0.069900,0.000000,0.000000,0.000000,1.000000,0.050927,-0.000191,0.002098,-0.229076,0.003624,-0.000954,0.165751
234,1788745197.088691,-0.023400,0.000000,0.070200,0.000000,0.000000,0.000000,1.000000,0.051309,-0.000191,0.002098,-0.230602,0.003624,-0.000954,0.167277
235,1788745197.090943,-0.023500,0.000000,0.070500,0.000000,0.000000,0.000000,1.000000,0.051309,-0.000191,0.002098,-0.232510,0.003624,-0.000954,0.169185
236,1788745197.093131,-0.023600,0.000000,0.070800,0.000000,0.000000,0.000000,1.000000,0.052072,-0.000191,0.002098,-0.235180,0.003624,-0.000954,0.170711
237,1788745197.095311,-0.023700,0.000000,0.071100,0.000000,0.000000,0.000000,1.000000,0.052453,-0.000191,0.002098,-0.236324,0.003624,-0.000954,0.171092
238,1788745197.097469,-0.023800,0.000000,0.071400,0.000000,0.000000,0.000000,1.000000,0.052835,-0.000191,0.002098,-0.237850,0.003624,-0.000954,0.172618
239,1788745197.099623,-0.023900,0.000000,0.071700,0.000000,0.000000,0.000000,1.000000,0.053216,-0.000191,0.002098,-0.239376,0.003624,-0.000954,0.173381
240,1788745197.101814,-0.024000,0.000000,0.072000,0.000000,0.000000,0.000000,1.000000,0.053216,-0.000191,0.002098,-0.240520,0.003624,-0.000954,0.174525
241,1788745197.103988,-0.024100,0.000000,0.072300,0.000000,0.000000,0.000000,1.000000,0.053597,-0.000191,0.002098,-0.242046,0.003624,-0.000954,0.175670
242,1788745197.106145,-0.024200,0.000000,0.072600,0.000000,0.000000,0.000000,1.000000,0.053979,-0.000191,0.002098,-0.242046,0.003624,-0.000954,0.176814
243,1788745197.108310,-0.024300,0.000000,0.072900,0.000000,0.000000,0.000000,1.000000,0.053979,-0.000191,0.002098,-0.244717,0.003624,-0.000954,0.177577
244,1788745197.110483,-0.024400,0.000000,0.073200,0.000000,0.000000,0.000000,1.000000,0.054360,-0.000191,0.002098,-0.246243,0.003624,-0.000954,0.178721
245,1788745197.112633,-0.024500,0.000000,0.073500,0.000000,0.000000,0.000000,1.000000,0.054742,-0.000191,0.002098,-0.247768,0.003624,-0.000954,0.180247
246,1788745197.114794,-0.024600,0.000000,0.073800,0.000000,0.000000,0.000000,1.000000,0.055123,-0.000191,0.002098,-0.248913,0.003624,-0.000954,0.181010
247,1788745197.116942,-0.024700,0.000000,0.074100,0.000000,0.000000,0.000000,1.000000,0.055505,-0.000191,0.002098,-0.251965,0.003624,-0.000954,0.183681
248,1788745197.119103,-0.024800,0.000000,0.074400,0.000000,0.000000,0.000000,1.000000,0.055886,-0.000191,0.002098,-0.253109,0.003624,-0.001335,0.184443
249,1788745197.121257,-0.024900,0.000000,0.074700,0.000000,0.000000,0.000000,1.000000,0.056268,-0.000191,0.002098,-0.254635,0.003624,-0.000954,0.185969
250,1788745197.123404,-0.025000,0.000000,0.075000,0.000000,0.000000,0.000000,1.000000,0.056268,-0.000191,0.002098,-0.255779,0.003624,-0.000954,0.187114
251,1788745197.125591,-0.025100,0.000000,0.075300,0.000000,0.000000,0.000000,1.000000,0.056649,-0.000191,0.002098,-0.257687,0.003624,-0.000954,0.188640
252,1788745197.127741,-0.025200,0.000000,0.075600,0.000000,0.000000,0.000000,1.000000,0.057031,-0.000191,0.002098,-0.259212,0.003624,-0.000954,0.189784
253,1788745197.129899,-0.025300,0.000000,0.075900,0.000000,0.000000,0.000000,1.000000,0.057412,-0.000191,0.002098,-0.260357,0.003624,-0.000954,0.190928
254,1788745197.132050,-0.025400,0.000000,0.076200,0.000000,0.000000,0.000000,1.000000,0.057412,-0.000191,0.002098,-0.262264,0.003624,-0.000954,0.192073
255,1788745197.134219,-0.025500,0.000000,0.076500,0.000000,0.000000,0.000000,1.000000,0.057794,-0.000191,0.002098,-0.263027,0.003624,-0.001335,0.193217
256,1788745197.136366,-0.025600,0.000000,0.076800,0.000000,0.000000,0.000000,1.000000,0.058175,-0.000191,0.002098,-0.264935,0.003624,-0.001335,0.194743
257,1788745197.138525,-0.025700,0.000000,0.077100,0.000000,0.000000,0.000000,1.000000,0.058557,-0.000191,0.002098,-0.266460,0.003624,-0.001335,0.195888
258,1788745197.140680,-0.025800,0.000000,0.077400,0.000000,0.000000,0.000000,1.000000,0.058557,-0.000191,0.002098,-0.267605,0.003624,-0.001335,0.196651
259,1788745197.142830,-0.025900,0.000000,0.077700,0.000000,0.000000,0.000000,1.000000,0.058938,-0.000191,0.002098,-0.269131,0.003624,-0.001335,0.198176
260,1788745197.144985,-0.026000,0.000000,0.078000,0.000000,0.000000,0.000000,1.000000,0.059319,-0.000191,0.002098,-0.271801,0.003624,-0.001335,0.200084
261,1788745197.147287,-0.026100,0.000000,0.078300,0.000000,0.000000,0.000000,1.000000,0.059701,-0.000191,0.002098,-0.273708,0.003624,-0.001717,0.201610
262,1788745197.149490,-0.026200,0.000000,0.078600,0.000000,0.000000,0.000000,1.000000,0.059701,-0.000191,0.002098,-0.274853,0.003624,-0.001717,0.202373
263,1788745197.151665,-0.026300,0.000000,0.078900,0.000000,0.000000,0.000000,1.000000,0.060082,-0.000191,0.002480,-0.276379,0.003624,-0.001717,0.203517
264,1788745197.153812,-0.026400,0.000000,0.079200,0.000000,0.000000,0.000000,1.000000,0.060464,-0.000191,0.002480,-0.278286,0.003624,-0.001717,0.205043
265,1788745197.155950,-0.026500,0.000000,0.079500,0.000000,0.000000,0.000000,1.000000,0.060464,-0.000191,0.002480,-0.279430,0.003624,-0.002098,0.206187
266,1788745197.158085,-0.026600,0.000000,0.079800,0.000000,0.000000,0.000000,1.000000,0.060845,-0.000191,0.002480,-0.280956,0.003624,-0.002098,0.207332
267,1788745197.160232,-0.026700,0.000000,0.080100,0.000000,0.000000,0.000000,1.000000,0.061227,-0.000572,0.002480,-0.280956,0.003624,-0.002098,0.208858
268,1788745197.162407,-0.026800,0.000000,0.080400,0.000000,0.000000,0.000000,1.000000,0.061227,-0.000572,0.002480,-0.283628,0.003624,-0.002098,0.209620
269,1788745197.164549,-0.026900,0.000000,0.080700,0.000000,0.000000,0.000000,1.000000,0.061608,-0.000191,0.002480,-0.285153,0.003624,-0.002480,0.211146
270,1788745197.166726,-0.027000,0.000000,0.081000,0.000000,0.000000,0.000000,1.000000,0.061608,-0.000572,0.002480,-0.287061,0.003624,-0.002480,0.212291
271,1788745197.168898,-0.027100,0.000000,0.081300,0.000000,0.000000,0.000000,1.000000,0.061990,-0.000572,0.002480,-0.288205,0.003624,-0.002861,0.214198
272,1788745197.171056,-0.027200,0.000000,0.081600,0.000000,0.000000,0.000000,1.000000,0.062371,-0.000572,0.002480,-0.290875,0.003624,-0.002861,0.214961
273,1788745197.173207,-0.027300,0.000000,0.081900,0.000000,0.000000,0.000000,1.000000,0.062753,-0.000572,0.002861,-0.292783,0.003624,-0.003242,0.216105
274,1788745197.175407,-0.027400,0.000000,0.082200,0.000000,0.000000,0.000000,1.000000,0.063134,-0.000572,0.002861,-0.294309,0.003624,-0.003242,0.217250
275,1788745197.177589,-0.027500,0.000000,0.082500,0.000000,0.000000,0.000000,1.000000,0.063134,-0.000572,0.002861,-0.295453,0.003624,-0.003242,0.217631
276,1788745197.179762,-0.027600,0.000000,0.082800,0.000000,0.000000,0.000000,1.000000,0.063516,-0.000572,0.002861,-0.297360,0.003624,-0.003624,0.218777
277,1788745197.181914,-0.027700,0.000000,0.083100,0.000000,0.000000,0.000000,1.000000,0.063516,-0.000572,0.002861,-0.298886,0.003624,-0.004005,0.220303
278,1788745197.184162,-0.027800,0.000000,0.083400,0.000000,0.000000,0.000000,1.000000,0.063897,-0.000572,0.002861,-0.300031,0.003624,-0.004005,0.221066
279,1788745197.186340,-0.027900,0.000000,0.083700,0.000000,0.000000,0.000000,1.000000,0.064279,-0.000572,0.002861,-0.301557,0.003624,-0.004005,0.222591
280,1788745197.188514,-0.028000,0.000000,0.084000,0.000000,0.000000,0.000000,1.000000,0.064279,-0.000572,0.002861,-0.302701,0.003624,-0.004005,0.223354
281,1788745197.190718,-0.028100,0.000000,0.084300,0.000000,0.000000,0.000000,1.000000,0.064660,-0.000572,0.003242,-0.304608,0.003624,-0.004005,0.224880
282,1788745197.192904,-0.028200,0.000000,0.084600,0.000000,0.000000,0.000000,1.000000,0.065423,-0.000572,0.003242,-0.306516,0.003624,-0.004005,0.226788
283,1788745197.195084,-0.028300,0.000000,0.084900,0.000000,0.000000,0.000000,1.000000,0.065423,-0.000954,0.002861,-0.309186,0.003624,-0.004005,0.228313
284,1788745197.197266,-0.028400,0.000000,0.085200,0.000000,0.000000,0.000000,1.000000,0.065804,-0.000954,0.003242,-0.310712,0.003624,-0.004005,0.229839
285,1788745197.199427,-0.028500,0.000000,0.085500,0.000000,0.000000,0.000000,1.000000,0.065804,-0.000954,0.003242,-0.311856,0.003624,-0.004005,0.230602
286,1788745197.201578,-0.028600,0.000000,0.085800,0.000000,0.000000,0.000000,1.000000,0.066186,-0.000954,0.002861,-0.313764,0.003624,-0.004005,0.232128
287,1788745197.203722,-0.028700,0.000000,0.086100,0.000000,0.000000,0.000000,1.000000,0.066567,-0.000954,0.003242,-0.315671,0.003624,-0.003624,0.233654
288,1788745197.205888,-0.028800,0.000000,0.086400,0.000000,0.000000,0.000000,1.000000,0.066567,-0.000954,0.003242,-0.316434,0.003624,-0.004005,0.234417
289,1788745197.208079,-0.028900,0.000000,0.086700,0.000000,0.000000,0.000000,1.000000,0.066949,-0.000954,0.003242,-0.318341,0.003624,-0.004005,0.236324
290,1788745197.210244,-0.029000,0.000000,0.087000,0.000000,0.000000,0.000000,1.000000,0.067330,-0.000954,0.003242,-0.319867,0.003624,-0.004005,0.237850
291,1788745197.212408,-0.029100,0.000000,0.087300,0.000000,0.000000,0.000000,1.000000,0.067712,-0.000954,0.003242,-0.321012,0.003624,-0.004005,0.238613
292,1788745197.214603,-0.029200,0.000000,0.087600,0.000000,0.000000,0.000000,1.000000,0.067712,-0.000954,0.003242,-0.322919,0.003624,-0.004005,0.240520
293,1788745197.216777,-0.029300,0.000000,0.087900,0.000000,0.000000,0.000000,1.000000,0.068093,-0.000954,0.003242,-0.324445,0.003624,-0.004005,0.242046
294,1788745197.218979,-0.029400,0.000000,0.088200,0.000000,0.000000,0.000000,1.000000,0.068475,-0.000954,0.003242,-0.327497,0.003624,-0.004005,0.244335
295,1788745197.221204,-0.029500,0.000000,0.088500,0.000000,0.000000,0.000000,1.000000,0.068475,-0.000954,0.003242,-0.328259,0.003624,-0.004005,0.245098
296,1788745197.223413,-0.029600,0.000000,0.088800,0.000000,0.000000,0.000000,1.000000,0.068856,-0.000954,0.003242,-0.330167,0.003624,-0.004005,0.246243
297,1788745197.225577,-0.029700,0.000000,0.089100,0.000000,0.000000,0.000000,1.000000,0.068856,-0.000954,0.003624,-0.331693,0.003624,-0.004005,0.248150
298,1788745197.227762,-0.029800,0.000000,0.089400,0.000000,0.000000,0.000000,1.000000,0.069238,-0.001335,0.003624,-0.332837,0.003624,-0.004005,0.248913
299,1788745197.229920,-0.029900,0.000000,0.089700,0.000000,0.000000,0.000000,1.000000,0.069238,-0.001335,0.003624,-0.334363,0.003624,-0.004005,0.250057
300,1788745197.232071,-0.030000,0.000000,0.090000,0.000000,0.000000,0.000000,1.000000,0.069619,-0.001335,0.004005,-0.336270,0.003624,-0.004005,0.251583
301,1788745197.234230,-0.030100,0.000000,0.090300,0.000000,0.000000,0.000000,1.000000,0.069619,-0.001335,0.004005,-0.337033,0.003624,-0.004005,0.251965
302,1788745197.236389,-0.030200,0.000000,0.090600,0.000000,0.000000,0.000000,1.000000,0.070001,-0.001335,0.004005,-0.338941,0.003624,-0.004005,0.253109
303,1788745197.238683,-0.030300,0.000000,0.090900,0.000000,0.000000,0.000000,1.000000,0.070001,-0.001335,0.004005,-0.339704,0.003624,-0.004005,0.253872
304,1788745197.240908,-0.030400,0.000000,0.091200,0.000000,0.000000,0.000000,1.000000,0.070382,-0.001335,0.004005,-0.343137,0.003624,-0.004005,0.255779
305,1788745197.243080,-0.030500,0.000000,0.091500,0.000000,0.000000,0.000000,1.000000,0.070764,-0.001335,0.004005,-0.344282,0.003624,-0.004005,0.256924
306,1788745197.245256,-0.030600,0.000000,0.091800,0.000000,0.000000,0.000000,1.000000,0.070764,-0.001335,0.004005,-0.345808,0.003624,-0.004005,0.258450
307,1788745197.247426,-0.030700,0.000000,0.092100,0.000000,0.000000,0.000000,1.000000,0.071145,-0.001335,0.004005,-0.347715,0.003624,-0.004005,0.259594
308,1788745197.249605,-0.030800,0.000000,0.092400,0.000000,0.000000,0.000000,1.000000,0.071145,-0.001335,0.004005,-0.348478,0.003624,-0.004005,0.260357
309,1788745197.251767,-0.030900,0.000000,0.092700,0.000000,0.000000,0.000000,1.000000,0.071527,-0.001335,0.004005,-0.350386,0.003624,-0.004005,0.262264
310,1788745197.253922,-0.031000,0.000000,0.093000,0.000000,0.000000,0.000000,1.000000,0.071908,-0.001335,0.004005,-0.352293,0.003624,-0.004005,0.263790
311,1788745197.256117,-0.031100,0.000000,0.093300,0.000000,0.000000,0.000000,1.000000,0.071908,-0.001335,0.004005,-0.353056,0.003624,-0.004005,0.264553
312,1788745197.258304,-0.031200,0.000000,0.093600,0.000000,0.000000,0.000000,1.000000,0.072289,-0.001335,0.004005,-0.354963,0.003624,-0.004005,0.266079
313,1788745197.260468,-0.031300,0.000000,0.093900,0.000000,0.000000,0.000000,1.000000,0.072671,-0.001335,0.004387,-0.356871,0.003624,-0.004005,0.267986
314,1788745197.262617,-0.031400,0.000000,0.094200,0.000000,0.000000,0.000000,1.000000,0.072671,-0.001335,0.004387,-0.357634,0.003624,-0.004005,0.268749
315,1788745197.264767,-0.031500,0.000000,0.094500,0.000000,0.000000,0.000000,1.000000,0.073052,-0.001335,0.004387,-0.359541,0.003624,-0.004005,0.270657
316,1788745197.266918,-0.031600,0.000000,0.094800,0.000000,0.000000,0.000000,1.000000,0.073815,-0.001335,0.004387,-0.362593,0.003624,-0.004005,0.273327
317,1788745197.269083,-0.031700,0.000000,0.095100,0.000000,0.000000,0.000000,1.000000,0.073815,-0.001335,0.004387,-0.364500,0.003624,-0.004387,0.274853
318,1788745197.271386,-0.031800,0.000000,0.095400,0.000000,0.000000,0.000000,1.000000,0.074197,-0.001335,0.004768,-0.365644,0.003624,-0.004005,0.275997
319,1788745197.273680,-0.031900,0.000000,0.095700,0.000000,0.000000,0.000000,1.000000,0.074578,-0.001335,0.004768,-0.367170,0.003624,-0.004387,0.277523
320,1788745197.275977,-0.032000,0.000000,0.096000,0.000000,0.000000,0.000000,1.000000,0.074578,-0.001335,0.004768,-0.368315,0.003624,-0.004387,0.278286
321,1788745197.278273,-0.032100,0.000000,0.096300,0.000000,0.000000,0.000000,1.000000,0.074960,-0.001335,0.004768,-0.370222,0.003624,-0.004387,0.279430
322,1788745197.280530,-0.032200,0.000000,0.096600,0.000000,0.000000,0.000000,1.000000,0.074960,-0.001335,0.005150,-0.371748,0.003624,-0.004387,0.280956
323,1788745197.282788,-0.032300,0.000000,0.096900,0.000000,0.000000,0.000000,1.000000,0.075341,-0.001335,0.005150,-0.372892,0.003624,-0.004387,0.281720
324,1788745197.285080,-0.032400,0.000000,0.097200,0.000000,0.000000,0.000000,1.000000,0.075723,-0.001335,0.005150,-0.375944,0.003624,-0.004387,0.283628
325,1788745197.287350,-0.032500,0.000000,0.097500,0.000000,0.000000,0.000000,1.000000,0.075723,-0.001335,0.005150,-0.377470,0.003624,-0.004387,0.285153
326,1788745197.289639,-0.032600,0.000000,0.097800,0.000000,0.000000,0.000000,1.000000,0.076104,-0.001335,0.005150,-0.379377,0.003624,-0.004387,0.286298
327,1788745197.291901,-0.032700,0.000000,0.098100,0.000000,0.000000,0.000000,1.000000,0.076104,-0.001335,0.005150,-0.380140,0.003624,-0.004387,0.287061
328,1788745197.294170,-0.032800,0.000000,0.098400,0.000000,0.000000,0.000000,1.000000,0.076486,-0.001335,0.005150,-0.382048,0.003624,-0.004387,0.288587
329,1788745197.296442,-0.032900,0.000000,0.098700,0.000000,0.000000,0.000000,1.000000,0.076867,-0.001335,0.005150,-0.383955,0.003624,-0.004387,0.289731
330,1788745197.298734,-0.033000,0.000000,0.099000,0.000000,0.000000,0.000000,1.000000,0.076867,-0.001335,0.005150,-0.384718,0.003624,-0.004387,0.290875
331,1788745197.300986,-0.033100,0.000000,0.099300,0.000000,0.000000,0.000000,1.000000,0.077630,-0.001335,0.005150,-0.387770,0.003624,-0.004387,0.293546
332,1788745197.303222,-0.033200,0.000000,0.099600,0.000000,0.000000,0.000000,1.000000,0.077630,-0.001335,0.005150,-0.389296,0.003624,-0.004387,0.295453
333,1788745197.305393,-0.033300,0.000000,0.099900,0.000000,0.000000,0.000000,1.000000,0.078012,-0.001335,0.005150,-0.391203,0.003624,-0.004387,0.296979
334,1788745197.307581,-0.033400,0.000000,0.100200,0.000000,0.000000,0.000000,1.000000,0.078012,-0.001335,0.005150,-0.392347,0.003624,-0.004387,0.298123
335,1788745197.309766,-0.033500,0.000000,0.100500,0.000000,0.000000,0.000000,1.000000,0.078393,-0.001335,0.005531,-0.393873,0.004005,-0.004387,0.299649
336,1788745197.311918,-0.033600,0.000000,0.100800,0.000000,0.000000,0.000000,1.000000,0.078393,-0.001335,0.005531,-0.395018,0.003624,-0.004768,0.300412
337,1788745197.314100,-0.033700,0.000000,0.101100,0.000000,0.000000,0.000000,1.000000,0.078774,-0.001717,0.005531,-0.396544,0.003624,-0.004387,0.301938
338,1788745197.316288,-0.033800,0.000000,0.101400,0.000000,0.000000,0.000000,1.000000,0.079156,-0.001717,0.005913,-0.398069,0.003624,-0.004768,0.303082
339,1788745197.318460,-0.033900,0.000000,0.101700,0.000000,0.000000,0.000000,1.000000,0.079156,-0.001717,0.005913,-0.399214,0.003624,-0.004768,0.303845
340,1788745197.320641,-0.034000,0.000000,0.102000,0.000000,0.000000,0.000000,1.000000,0.079537,-0.001717,0.005913,-0.400740,0.003624,-0.004768,0.304990
341,1788745197.322850,-0.034100,0.000000,0.102300,0.000000,0.000000,0.000000,1.000000,0.079919,-0.001717,0.005913,-0.402266,0.003624,-0.004768,0.306134
342,1788745197.325039,-0.034200,0.000000,0.102600,0.000000,0.000000,0.000000,1.000000,0.080300,-0.001717,0.006294,-0.404936,0.003624,-0.004768,0.307660
343,1788745197.327330,-0.034300,0.000000,0.102900,0.000000,0.000000,0.000000,1.000000,0.080300,-0.001717,0.006294,-0.405699,0.003624,-0.005150,0.308423
344,1788745197.329609,-0.034400,0.000000,0.103200,0.000000,0.000000,0.000000,1.000000,0.080682,-0.001717,0.006294,-0.407226,0.003624,-0.005150,0.309567
345,1788745197.331869,-0.034500,0.000000,0.103500,0.000000,0.000000,0.000000,1.000000,0.080682,-0.001717,0.006294,-0.408751,0.004005,-0.005150,0.311093
346,1788745197.334127,-0.034600,0.000000,0.103800,0.000000,0.000000,0.000000,1.000000,0.080682,-0.001717,0.006294,-0.409896,0.004005,-0.005150,0.311856
347,1788745197.336403,-0.034700,0.000000,0.104100,0.000000,0.000000,0.000000,1.000000,0.081063,-0.001717,0.006294,-0.411422,0.003624,-0.005150,0.313001
348,1788745197.338600,-0.034800,0.000000,0.104400,0.000000,0.000000,0.000000,1.000000,0.081063,-0.001717,0.006294,-0.412566,0.003624,-0.005150,0.314145
349,1788745197.340775,-0.034900,0.000000,0.104700,0.000000,0.000000,0.000000,1.000000,0.081445,-0.001717,0.006294,-0.414092,0.003624,-0.005150,0.315671
350,1788745197.342970,-0.035000,0.000000,0.105000,0.000000,0.000000,0.000000,1.000000,0.081826,-0.001717,0.006294,-0.416381,0.003624,-0.005150,0.318341
351,1788745197.345149,-0.035100,0.000000,0.105300,0.000000,0.000000,0.000000,1.000000,0.082208,-0.001717,0.006676,-0.418288,0.003624,-0.005150,0.319867
352,1788745197.347351,-0.035200,0.000000,0.105600,0.000000,0.000000,0.000000,1.000000,0.082208,-0.001717,0.006676,-0.420196,0.003624,-0.005150,0.321393
353,1788745197.349518,-0.035300,0.000000,0.105900,0.000000,0.000000,0.000000,1.000000,0.082208,-0.001717,0.006676,-0.420959,0.003624,-0.005150,0.322537
354,1788745197.351669,-0.035400,0.000000,0.106200,0.000000,0.000000,0.000000,1.000000,0.082589,-0.001717,0.006676,-0.422866,0.004005,-0.005150,0.324063
355,1788745197.353833,-0.035500,0.000000,0.106500,0.000000,0.000000,0.000000,1.000000,0.082589,-0.001717,0.006676,-0.423629,0.003624,-0.005150,0.325208
356,1788745197.356002,-0.035600,0.000000,0.106800,0.000000,0.000000,0.000000,1.000000,0.082971,-0.001717,0.006676,-0.425536,0.003624,-0.005150,0.326734
357,1788745197.358297,-0.035700,0.000000,0.107100,0.000000,0.000000,0.000000,1.000000,0.082971,-0.002098,0.007057,-0.427062,0.003624,-0.005531,0.328259
358,1788745197.360561,-0.035800,0.000000,0.107400,0.000000,0.000000,0.000000,1.000000,0.082971,-0.002098,0.007057,-0.427825,0.004005,-0.005531,0.329022
359,1788745197.362818,-0.035900,0.000000,0.107700,0.000000,0.000000,0.000000,1.000000,0.083352,-0.002098,0.007057,-0.429732,0.003624,-0.005531,0.330548
360,1788745197.365111,-0.036000,0.000000,0.108000,0.000000,0.000000,0.000000,1.000000,0.083734,-0.002098,0.007057,-0.432021,0.003624,-0.005913,0.332837
361,1788745197.367313,-0.036100,0.000000,0.108300,0.000000,0.000000,0.000000,1.000000,0.083734,-0.002098,0.007057,-0.433928,0.003624,-0.005913,0.334363
362,1788745197.369515,-0.036200,0.000000,0.108600,0.000000,0.000000,0.000000,1.000000,0.084115,-0.002098,0.007057,-0.434691,0.004005,-0.006294,0.335126
363,1788745197.371741,-0.036300,0.000000,0.108900,0.000000,0.000000,0.000000,1.000000,0.084115,-0.002480,0.007057,-0.436217,0.004005,-0.006294,0.336652
364,1788745197.373924,-0.036400,0.000000,0.109200,0.000000,0.000000,0.000000,1.000000,0.084115,-0.002480,0.007057,-0.438125,0.004005,-0.006676,0.338178
365,1788745197.376078,-0.036500,0.000000,0.109500,0.000000,0.000000,0.000000,1.000000,0.084496,-0.002480,0.007057,-0.439269,0.003624,-0.007057,0.338941
366,1788745197.378254,-0.036600,0.000000,0.109800,0.000000,0.000000,0.000000,1.000000,0.084496,-0.002480,0.007439,-0.440795,0.004005,-0.007057,0.340466
367,1788745197.380444,-0.036700,0.000000,0.110100,0.000000,0.000000,0.000000,1.000000,0.084496,-0.002480,0.007439,-0.441939,0.004005,-0.007439,0.341611
368,1788745197.382602,-0.036800,0.000000,0.110400,0.000000,0.000000,0.000000,1.000000,0.084878,-0.002480,0.007439,-0.443465,0.003624,-0.007439,0.343518
369,1788745197.384924,-0.036900,0.000000,0.110700,0.000000,0.000000,0.000000,1.000000,0.085259,-0.002480,0.007820,-0.444991,0.003624,-0.007820,0.345045
370,1788745197.387412,-0.037000,0.000000,0.111000,0.000000,0.000000,0.000000,1.000000,0.085259,-0.002861,0.007820,-0.447661,0.004005,-0.007820,0.347715
371,1788745197.389853,-0.037100,0.000000,0.111300,0.000000,0.000000,0.000000,1.000000,0.085641,-0.002861,0.007820,-0.449187,0.004005,-0.007820,0.349241
372,1788745197.392271,-0.037200,0.000000,0.111600,0.000000,0.000000,0.000000,1.000000,0.085641,-0.002861,0.007820,-0.449950,0.003624,-0.007820,0.349623
373,1788745197.394754,-0.037300,0.000000,0.111900,0.000000,0.000000,0.000000,1.000000,0.086022,-0.002861,0.007820,-0.451858,0.003624,-0.007820,0.351530
374,1788745197.397076,-0.037400,0.000000,0.112200,0.000000,0.000000,0.000000,1.000000,0.086404,-0.002861,0.007820,-0.454528,0.003624,-0.007820,0.353056
375,1788745197.399662,-0.037500,0.000000,0.112500,0.000000,0.000000,0.000000,1.000000,0.086404,-0.002861,0.007820,-0.456054,0.004005,-0.007820,0.354200
376,1788745197.402031,-0.037600,0.000000,0.112800,0.000000,0.000000,0.000000,1.000000,0.086785,-0.002861,0.007820,-0.456817,0.004005,-0.007820,0.354963
377,1788745197.404204,-0.037700,0.000000,0.113100,0.000000,0.000000,0.000000,1.000000,0.086785,-0.003242,0.007820,-0.458343,0.004005,-0.007820,0.356108
378,1788745197.406511,-0.037800,0.000000,0.113400,0.000000,0.000000,0.000000,1.000000,0.086785,-0.003242,0.007820,-0.459487,0.004005,-0.007820,0.356489
379,1788745197.409049,-0.037900,0.000000,0.113700,0.000000,0.000000,0.000000,1.000000,0.087167,-0.003242,0.007820,-0.462157,0.003624,-0.007820,0.359159
380,1788745197.411401,-0.038000,0.000000,0.114000,0.000000,0.000000,0.000000,1.000000,0.087167,-0.003624,0.007820,-0.462920,0.004005,-0.007820,0.359922
381,1788745197.413749,-0.038100,0.000000,0.114300,0.000000,0.000000,0.000000,1.000000,0.087548,-0.003624,0.007820,-0.464446,0.004005,-0.008202,0.361067
382,1788745197.416045,-0.038200,0.000000,0.114600,0.000000,0.000000,0.000000,1.000000,0.087930,-0.003624,0.007820,-0.465972,0.003624,-0.007820,0.362211
383,1788745197.418480,-0.038300,0.000000,0.114900,0.000000,0.000000,0.000000,1.000000,0.087930,-0.003624,0.007820,-0.466735,0.004005,-0.007820,0.363356
384,1788745197.420859,-0.038400,0.000000,0.115200,0.000000,0.000000,0.000000,1.000000,0.087930,-0.004005,0.007820,-0.468261,0.004005,-0.007820,0.364119
385,1788745197.423243,-0.038500,0.000000,0.115500,0.000000,0.000000,0.000000,1.000000,0.088311,-0.004005,0.007820,-0.470932,0.004005,-0.007820,0.366407
386,1788745197.425419,-0.038600,0.000000,0.115800,0.000000,0.000000,0.000000,1.000000,0.088693,-0.004387,0.007820,-0.472839,0.004005,-0.007820,0.367933
387,1788745197.427605,-0.038700,0.000000,0.116100,0.000000,0.000000,0.000000,1.000000,0.088693,-0.004387,0.007820,-0.473602,0.004005,-0.007820,0.368696
388,1788745197.429794,-0.038800,0.000000,0.116400,0.000000,0.000000,0.000000,1.000000,0.088693,-0.004387,0.008202,-0.475128,0.003624,-0.007820,0.370604
389,1788745197.431978,-0.038900,0.000000,0.116700,0.000000,0.000000,0.000000,1.000000,0.089074,-0.004768,0.008202,-0.475891,0.004005,-0.007820,0.371748
390,1788745197.434159,-0.039000,0.000000,0.117000,0.000000,0.000000,0.000000,1.000000,0.089074,-0.004768,0.008202,-0.477798,0.004005,-0.007820,0.374037
391,1788745197.436326,-0.039100,0.000000,0.117300,0.000000,0.000000,0.000000,1.000000,0.089456,-0.005150,0.008202,-0.479324,0.003624,-0.008202,0.375944
392,1788745197.438496,-0.039200,0.000000,0.117600,0.000000,0.000000,0.000000,1.000000,0.089456,-0.005150,0.008202,-0.480087,0.004005,-0.008202,0.377089
393,1788745197.440654,-0.039300,0.000000,0.117900,0.000000,0.000000,0.000000,1.000000,0.089837,-0.005150,0.008202,-0.481613,0.004005,-0.008202,0.378996
394,1788745197.442836,-0.039400,0.000000,0.118200,0.000000,0.000000,0.000000,1.000000,0.089837,-0.005531,0.008202,-0.483521,0.003624,-0.008202,0.380903
395,1788745197.445015,-0.039500,0.000000,0.118500,0.000000,0.000000,0.000000,1.000000,0.090219,-0.005913,0.008202,-0.486191,0.004005,-0.008202,0.383574
396,1788745197.447312,-0.039600,0.000000,0.118800,0.000000,0.000000,0.000000,1.000000,0.090219,-0.005913,0.008202,-0.486954,0.004005,-0.008202,0.384336
397,1788745197.449601,-0.039700,0.000000,0.119100,0.000000,0.000000,0.000000,1.000000,0.090600,-0.005913,0.008202,-0.488480,0.004005,-0.008202,0.385862
398,1788745197.451855,-0.039800,0.000000,0.119400,0.000000,0.000000,0.000000,1.000000,0.090600,-0.006294,0.008583,-0.490005,0.004005,-0.008202,0.386625
399,1788745197.454087,-0.039900,0.000000,0.119700,0.000000,0.000000,0.000000,1.000000,0.090600,-0.006294,0.008583,-0.491150,0.004005,-0.008202,0.387770
400,1788745197.456284,-0.040000,0.000000,0.120000,0.000000,0.000000,0.000000,1.000000,0.090600,-0.006676,0.008583,-0.492294,0.003624,-0.008202,0.388914
401,1788745197.458469,-0.040100,0.000000,0.120300,0.000000,0.000000,0.000000,1.000000,0.090981,-0.006676,0.008583,-0.493439,0.004005,-0.008202,0.389296
402,1788745197.460633,-0.040200,0.000000,0.120600,0.000000,0.000000,0.000000,1.000000,0.090981,-0.007057,0.008583,-0.494583,0.004005,-0.008202,0.390440
403,1788745197.462854,-0.040300,0.000000,0.120900,0.000000,0.000000,0.000000,1.000000,0.091363,-0.007057,0.008583,-0.496109,0.004005,-0.008202,0.391584
404,1788745197.465204,-0.040400,0.000000,0.121200,0.000000,0.000000,0.000000,1.000000,0.091744,-0.007439,0.008583,-0.498398,0.004005,-0.008202,0.393492
405,1788745197.467495,-0.040500,0.000000,0.121500,0.000000,0.000000,0.000000,1.000000,0.091744,-0.007820,0.008583,-0.499542,0.004005,-0.008202,0.394255
406,1788745197.469773,-0.040600,0.000000,0.121800,0.000000,0.000000,0.000000,1.000000,0.091744,-0.007820,0.008583,-0.500687,0.004005,-0.008202,0.395399
407,1788745197.471996,-0.040700,0.000000,0.122100,0.000000,0.000000,0.000000,1.000000,0.092126,-0.008202,0.008583,-0.501831,0.004005,-0.008583,0.396544
408,1788745197.474182,-0.040800,0.000000,0.122400,0.000000,0.000000,0.000000,1.000000,0.092126,-0.008202,0.008583,-0.502975,0.004005,-0.008583,0.397306
409,1788745197.476478,-0.040900,0.000000,0.122700,0.000000,0.000000,0.000000,1.000000,0.092126,-0.008583,0.008583,-0.504501,0.004005,-0.008583,0.398832
410,1788745197.478763,-0.041000,0.000000,0.123000,0.000000,0.000000,0.000000,1.000000,0.092507,-0.008583,0.008583,-0.506027,0.004005,-0.008583,0.400358
411,1788745197.480976,-0.041100,0.000000,0.123300,0.000000,0.000000,0.000000,1.000000,0.092507,-0.008965,0.008583,-0.508316,0.003624,-0.008583,0.403028
412,1788745197.483300,-0.041200,0.000000,0.123600,0.000000,0.000000,0.000000,1.000000,0.092507,-0.008965,0.008583,-0.509460,0.004005,-0.008583,0.403791
413,1788745197.485735,-0.041300,0.000000,0.123900,0.000000,0.000000,0.000000,1.000000,0.092507,-0.009346,0.008583,-0.510986,0.003624,-0.008583,0.405699
414,1788745197.488269,-0.041400,0.000000,0.124200,0.000000,0.000000,0.000000,1.000000,0.092507,-0.009346,0.008583,-0.510986,0.004005,-0.008583,0.407607
415,1788745197.490651,-0.041500,0.000000,0.124500,0.000000,0.000000,0.000000,1.000000,0.092889,-0.009727,0.008583,-0.513275,0.004005,-0.008583,0.408370
416,1788745197.492907,-0.041600,0.000000,0.124800,0.000000,0.000000,0.000000,1.000000,0.092889,-0.009727,0.008583,-0.516327,0.003624,-0.008583,0.411803
417,1788745197.495410,-0.041700,0.000000,0.125100,0.000000,0.000000,0.000000,1.000000,0.092889,-0.010109,0.008583,-0.517471,0.003624,-0.008583,0.412948
418,1788745197.497690,-0.041800,0.000000,0.125400,0.000000,0.000000,0.000000,1.000000,0.092889,-0.010490,0.008583,-0.518997,0.004005,-0.008965,0.414092
419,1788745197.499869,-0.041900,0.000000,0.125700,0.000000,0.000000,0.000000,1.000000,0.093270,-0.010490,0.008583,-0.520523,0.004005,-0.008965,0.415618
420,1788745197.502160,-0.042000,0.000000,0.126000,0.000000,0.000000,0.000000,1.000000,0.093270,-0.010872,0.008583,-0.521286,0.004005,-0.008965,0.416381
421,1788745197.504591,-0.042100,0.000000,0.126300,0.000000,0.000000,0.000000,1.000000,0.093270,-0.010872,0.008583,-0.522812,0.004005,-0.008965,0.417525
422,1788745197.506897,-0.042200,0.000000,0.126600,0.000000,0.000000,0.000000,1.000000,0.093270,-0.011253,0.008583,-0.525101,0.004005,-0.008965,0.419814
423,1788745197.509199,-0.042300,0.000000,0.126900,0.000000,0.000000,0.000000,1.000000,0.093270,-0.011253,0.008583,-0.526627,0.004005,-0.008965,0.421340
424,1788745197.511517,-0.042400,0.000000,0.127200,0.000000,0.000000,0.000000,1.000000,0.093270,-0.011253,0.008583,-0.527390,0.004005,-0.008965,0.422484
425,1788745197.513856,-0.042500,0.000000,0.127500,0.000000,0.000000,0.000000,1.000000,0.093652,-0.011635,0.008583,-0.528915,0.004005,-0.009346,0.424010
426,1788745197.516154,-0.042600,0.000000,0.127800,0.000000,0.000000,0.000000,1.000000,0.093652,-0.011635,0.008583,-0.529678,0.004005,-0.009346,0.424773
427,1788745197.518479,-0.042700,0.000000,0.128100,0.000000,0.000000,0.000000,1.000000,0.093652,-0.011635,0.008583,-0.531587,0.004005,-0.009346,0.426299
428,1788745197.520769,-0.042800,0.000000,0.128400,0.000000,0.000000,0.000000,1.000000,0.093652,-0.011635,0.008583,-0.532731,0.004005,-0.009346,0.427444
429,1788745197.523026,-0.042900,0.000000,0.128700,0.000000,0.000000,0.000000,1.000000,0.094034,-0.012016,0.008583,-0.535401,0.003624,-0.009727,0.429732
430,1788745197.525618,-0.043000,0.000000,0.129000,0.000000,0.000000,0.000000,1.000000,0.094034,-0.012016,0.008583,-0.536927,0.004005,-0.010109,0.431258
431,1788745197.528093,-0.043100,0.000000,0.129300,0.000000,0.000000,0.000000,1.000000,0.094034,-0.012016,0.008583,-0.537690,0.004005,-0.010109,0.432021
432,1788745197.530393,-0.043200,0.000000,0.129600,0.000000,0.000000,0.000000,1.000000,0.094034,-0.012016,0.008583,-0.539216,0.004005,-0.010490,0.433166
433,1788745197.532921,-0.043300,0.000000,0.129900,0.000000,0.000000,0.000000,1.000000,0.094034,-0.012016,0.008583,-0.541505,0.004005,-0.010872,0.435073
434,1788745197.535206,-0.043400,0.000000,0.130200,0.000000,0.000000,0.000000,1.000000,0.094034,-0.012016,0.008583,-0.542649,0.004005,-0.011253,0.436599
435,1788745197.537750,-0.043500,0.000000,0.130500,0.000000,0.000000,0.000000,1.000000,0.094034,-0.012016,0.008583,-0.543794,0.004005,-0.011253,0.437362
436,1788745197.540247,-0.043600,0.000000,0.130800,0.000000,0.000000,0.000000,1.000000,0.094034,-0.012398,0.008583,-0.545320,0.004005,-0.011635,0.438506
437,1788745197.542612,-0.043700,0.000000,0.131100,0.000000,0.000000,0.000000,1.000000,0.094416,-0.012398,0.008583,-0.546464,0.004005,-0.011635,0.439269
438,1788745197.544906,-0.043800,0.000000,0.131400,0.000000,0.000000,0.000000,1.000000,0.094416,-0.012398,0.008583,-0.548753,0.004005,-0.011635,0.441176
439,1788745197.547361,-0.043900,0.000000,0.131700,0.000000,0.000000,0.000000,1.000000,0.094416,-0.012398,0.008583,-0.549897,0.003624,-0.012016,0.441939
440,1788745197.549880,-0.044000,0.000000,0.132000,0.000000,0.000000,0.000000,1.000000,0.094416,-0.012398,0.008583,-0.551423,0.004005,-0.011635,0.442702
441,1788745197.552255,-0.044100,0.000000,0.132300,0.000000,0.000000,0.000000,1.000000,0.094416,-0.012398,0.008583,-0.551423,0.004005,-0.011635,0.444228
442,1788745197.554628,-0.044200,0.000000,0.132600,0.000000,0.000000,0.000000,1.000000,0.094416,-0.012398,0.008583,-0.553330,0.004005,-0.011635,0.444610
443,1788745197.557052,-0.044300,0.000000,0.132900,0.000000,0.000000,0.000000,1.000000,0.094797,-0.012398,0.008583,-0.556382,0.004005,-0.011635,0.447280
444,1788745197.559352,-0.044400,0.000000,0.133200,0.000000,0.000000,0.000000,1.000000,0.094797,-0.012398,0.008583,-0.557145,0.004005,-0.011635,0.448424
445,1788745197.561625,-0.044500,0.000000,0.133500,0.000000,0.000000,0.000000,1.000000,0.094797,-0.012398,0.008583,-0.558290,0.004005,-0.011635,0.449950
446,1788745197.563897,-0.044600,0.000000,0.133800,0.000000,0.000000,0.000000,1.000000,0.094797,-0.012398,0.008583,-0.559815,0.004005,-0.012016,0.451476
447,1788745197.566224,-0.044700,0.000000,0.134100,0.000000,0.000000,0.000000,1.000000,0.094797,-0.012398,0.008583,-0.560578,0.004005,-0.012016,0.452239
448,1788745197.568514,-0.044800,0.000000,0.134400,0.000000,0.000000,0.000000,1.000000,0.094797,-0.012398,0.008583,-0.562104,0.004005,-0.012016,0.454146
449,1788745197.570764,-0.044900,0.000000,0.134700,0.000000,0.000000,0.000000,1.000000,0.095179,-0.012398,0.008583,-0.563630,0.003624,-0.012016,0.456054
450,1788745197.572927,-0.045000,0.000000,0.135000,0.000000,0.000000,0.000000,1.000000,0.095179,-0.012398,0.008583,-0.565919,0.004005,-0.012398,0.458343
451,1788745197.575208,-0.045100,0.000000,0.135300,0.000000,0.000000,0.000000,1.000000,0.095179,-0.012016,0.008583,-0.567826,0.003624,-0.012398,0.459868
452,1788745197.577492,-0.045200,0.000000,0.135600,0.000000,0.000000,0.000000,1.000000,0.095179,-0.012398,0.008583,-0.568589,0.004005,-0.012779,0.461013
453,1788745197.579801,-0.045300,0.000000,0.135900,0.000000,0.000000,0.000000,1.000000,0.095179,-0.012398,0.008583,-0.570115,0.004005,-0.012779,0.462539
454,1788745197.582081,-0.045400,0.000000,0.136200,0.000000,0.000000,0.000000,1.000000,0.095179,-0.012398,0.008583,-0.570878,0.004005,-0.012779,0.463302
455,1788745197.584353,-0.045500,0.000000,0.136500,0.000000,0.000000,0.000000,1.000000,0.095179,-0.012398,0.008583,-0.572404,0.004005,-0.013161,0.464828
456,1788745197.586606,-0.045600,0.000000,0.136800,0.000000,0.000000,0.000000,1.000000,0.095179,-0.012398,0.008583,-0.573930,0.004005,-0.013161,0.466353
457,1788745197.588907,-0.045700,0.000000,0.137100,0.000000,0.000000,0.000000,1.000000,0.095560,-0.012398,0.008583,-0.575837,0.004005,-0.013542,0.468642
458,1788745197.591229,-0.045800,0.000000,0.137400,0.000000,0.000000,0.000000,1.000000,0.095560,-0.012398,0.008583,-0.577363,0.004005,-0.013924,0.470169
459,1788745197.593548,-0.045900,0.000000,0.137700,0.000000,0.000000,0.000000,1.000000,0.095560,-0.012398,0.008583,-0.578126,0.004005,-0.013924,0.471313
460,1788745197.595833,-0.046000,0.000000,0.138000,0.000000,0.000000,0.000000,1.000000,0.095560,-0.012398,0.008583,-0.579652,0.004005,-0.013924,0.472458
461,1788745197.598184,-0.046100,0.000000,0.138300,0.000000,0.000000,0.000000,1.000000,0.095942,-0.012398,0.008583,-0.581178,0.004005,-0.014305,0.473602
462,1788745197.600418,-0.046200,0.000000,0.138600,0.000000,0.000000,0.000000,1.000000,0.095942,-0.012398,0.008583,-0.581559,0.004005,-0.014305,0.474365
463,1788745197.602657,-0.046300,0.000000,0.138900,0.000000,0.000000,0.000000,1.000000,0.095942,-0.012398,0.008583,-0.583085,0.004005,-0.014305,0.475891
464,1788745197.604995,-0.046400,0.000000,0.139200,0.000000,0.000000,0.000000,1.000000,0.095942,-0.012398,0.008583,-0.585374,0.004005,-0.014687,0.477417
465,1788745197.607361,-0.046500,0.000000,0.139500,0.000000,0.000000,0.000000,1.000000,0.095942,-0.012398,0.008583,-0.586900,0.004005,-0.014687,0.478943
466,1788745197.609711,-0.046600,0.000000,0.139800,0.000000,0.000000,0.000000,1.000000,0.095942,-0.012398,0.008583,-0.588426,0.004005,-0.014687,0.479706
467,1788745197.611867,-0.046700,0.000000,0.140100,0.000000,0.000000,0.000000,1.000000,0.095942,-0.012398,0.008583,-0.588807,0.004005,-0.014687,0.480469
468,1788745197.614328,-0.046800,0.000000,0.140400,0.000000,0.000000,0.000000,1.000000,0.096323,-0.012398,0.008583,-0.590333,0.003624,-0.014687,0.481613
469,1788745197.616609,-0.046900,0.000000,0.140700,0.000000,0.000000,0.000000,1.000000,0.096323,-0.012398,0.008583,-0.591096,0.004005,-0.014687,0.482376
470,1788745197.618911,-0.047000,0.000000,0.141000,0.000000,0.000000,0.000000,1.000000,0.096323,-0.012398,0.008583,-0.594149,0.004005,-0.014687,0.485046
471,1788745197.621228,-0.047100,0.000000,0.141300,0.000000,0.000000,0.000000,1.000000,0.096323,-0.012398,0.008583,-0.594912,0.004005,-0.014687,0.486191
472,1788745197.623561,-0.047200,0.000000,0.141600,0.000000,0.000000,0.000000,1.000000,0.096323,-0.012398,0.008583,-0.596437,0.004005,-0.014687,0.487335
473,1788745197.625899,-0.047300,0.000000,0.141900,0.000000,0.000000,0.000000,1.000000,0.096323,-0.012398,0.008583,-0.597963,0.004005,-0.014687,0.488861
474,1788745197.628104,-0.047400,0.000000,0.142200,0.000000,0.000000,0.000000,1.000000,0.096323,-0.012398,0.008583,-0.598726,0.004005,-0.014687,0.490005
475,1788745197.630389,-0.047500,0.000000,0.142500,0.000000,0.000000,0.000000,1.000000,0.096323,-0.012398,0.008583,-0.600252,0.003624,-0.014687,0.491531
476,1788745197.632702,-0.047600,0.000000,0.142800,0.000000,0.000000,0.000000,1.000000,0.096323,-0.012398,0.008583,-0.600252,0.004005,-0.015068,0.493057
477,1788745197.635014,-0.047700,0.000000,0.143100,0.000000,0.000000,0.000000,1.000000,0.096323,-0.012398,0.008583,-0.601015,0.004005,-0.015068,0.495346
478,1788745197.637154,-0.047800,0.000000,0.143400,0.000000,0.000000,0.000000,1.000000,0.096323,-0.012398,0.008583,-0.601015,0.004005,-0.015068,0.496872
479,1788745197.639447,-0.047900,0.000000,0.143700,0.000000,0.000000,0.000000,1.000000,0.096704,-0.012398,0.008583,-0.605974,0.004005,-0.015068,0.498016
480,1788745197.641615,-0.048000,0.000000,0.144000,0.000000,0.000000,0.000000,1.000000,0.096704,-0.012398,0.008583,-0.607500,0.004005,-0.015068,0.499542
481,1788745197.643816,-0.048100,0.000000,0.144300,0.000000,0.000000,0.000000,1.000000,0.096704,-0.012398,0.008583,-0.609026,0.004005,-0.015068,0.501068
482,1788745197.645990,-0.048200,0.000000,0.144600,0.000000,0.000000,0.000000,1.000000,0.096704,-0.012398,0.008583,-0.609789,0.004005,-0.015068,0.502213
483,1788745197.648158,-0.048300,0.000000,0.144900,0.000000,0.000000,0.000000,1.000000,0.096704,-0.012398,0.008583,-0.610933,0.004005,-0.015068,0.503357
484,1788745197.650324,-0.048400,0.000000,0.145200,0.000000,0.000000,0.000000,1.000000,0.096704,-0.012398,0.008583,-0.611696,0.004005,-0.015068,0.504501
485,1788745197.652488,-0.048500,0.000000,0.145500,0.000000,0.000000,0.000000,1.000000,0.096704,-0.012398,0.008583,-0.613222,0.003624,-0.015068,0.506027
486,1788745197.654669,-0.048600,0.000000,0.145800,0.000000,0.000000,0.000000,1.000000,0.096704,-0.012398,0.008583,-0.614367,0.004005,-0.015068,0.507172
487,1788745197.656847,-0.048700,0.000000,0.146100,0.000000,0.000000,0.000000,1.000000,0.096704,-0.012398,0.008583,-0.614367,0.004005,-0.015068,0.507935
488,1788745197.659155,-0.048800,0.000000,0.146400,0.000000,0.000000,0.000000,1.000000,0.096704,-0.012398,0.008583,-0.618181,0.004005,-0.015068,0.509842
489,1788745197.661413,-0.048900,0.000000,0.146700,0.000000,0.000000,0.000000,1.000000,0.096704,-0.012398,0.008583,-0.618563,0.004005,-0.015068,0.510605
490,1788745197.663684,-0.049000,0.000000,0.147000,0.000000,0.000000,0.000000,1.000000,0.096704,-0.012398,0.008583,-0.620089,0.004005,-0.015068,0.512131
491,1788745197.665965,-0.049100,0.000000,0.147300,0.000000,0.000000,0.000000,1.000000,0.096704,-0.012398,0.008583,-0.621233,0.004005,-0.015068,0.513275
492,1788745197.668177,-0.049200,0.000000,0.147600,0.000000,0.000000,0.000000,1.000000,0.096323,-0.012398,0.008583,-0.621996,0.004005,-0.015068,0.513657
493,1788745197.670347,-0.049300,0.000000,0.147900,0.000000,0.000000,0.000000,1.000000,0.096323,-0.012398,0.008583,-0.623140,0.004005,-0.015068,0.515182
494,1788745197.672527,-0.049400,0.000000,0.148200,0.000000,0.000000,0.000000,1.000000,0.096323,-0.012398,0.008583,-0.624666,0.004005,-0.015068,0.516327
495,1788745197.674718,-0.049500,0.000000,0.148500,0.000000,0.000000,0.000000,1.000000,0.096323,-0.012398,0.008583,-0.625048,0.004005,-0.015068,0.517090
496,1788745197.676914,-0.049600,0.000000,0.148800,0.000000,0.000000,0.000000,1.000000,0.096323,-0.012398,0.008583,-0.627337,0.004005,-0.015068,0.519379
497,1788745197.679162,-0.049700,0.000000,0.149100,0.000000,0.000000,0.000000,1.000000,0.096323,-0.012398,0.008583,-0.628481,0.004005,-0.015068,0.520905
498,1788745197.681345,-0.049800,0.000000,0.149400,0.000000,0.000000,0.000000,1.000000,0.096323,-0.012398,0.008583,-0.630007,0.004005,-0.015068,0.522049
499,1788745197.683509,-0.049900,0.000000,0.149700,0.000000,0.000000,0.000000,1.000000,0.096323,-0.012398,0.008583,-0.630770,0.004005,-0.015068,0.522812
500,1788745197.685663,-0.050000,0.000000,0.150000,0.000000,0.000000,0.000000,1.000000,0.096323,-0.012398,0.008583,-0.631914,0.004005,-0.015068,0.524719
501,1788745197.687806,-0.050100,0.000000,0.150300,0.000000,0.000000,0.000000,1.000000,0.096323,-0.012398,0.008583,-0.633440,0.004005,-0.015068,0.525864
502,1788745197.689998,-0.050200,0.000000,0.150600,0.000000,0.000000,0.000000,1.000000,0.096323,-0.012398,0.008583,-0.633440,0.004005,-0.015068,0.526627
503,1788745197.692162,-0.050300,0.000000,0.150900,0.000000,0.000000,0.000000,1.000000,0.096323,-0.012398,0.008965,-0.635347,0.004005,-0.015068,0.528152
504,1788745197.694357,-0.050400,0.000000,0.151200,0.000000,0.000000,0.000000,1.000000,0.096323,-0.012398,0.008965,-0.636873,0.004005,-0.015068,0.529297
505,1788745197.696589,-0.050500,0.000000,0.151500,0.000000,0.000000,0.000000,1.000000,0.096323,-0.012398,0.008965,-0.637636,0.004005,-0.015068,0.530441
506,1788745197.698750,-0.050600,0.000000,0.151800,0.000000,0.000000,0.000000,1.000000,0.096323,-0.012398,0.008965,-0.638781,0.004005,-0.015068,0.531968
507,1788745197.700901,-0.050700,0.000000,0.152100,0.000000,0.000000,0.000000,1.000000,0.096323,-0.012398,0.008965,-0.640688,0.004005,-0.015068,0.533875
508,1788745197.703047,-0.050800,0.000000,0.152400,0.000000,0.000000,0.000000,1.000000,0.096323,-0.012398,0.008965,-0.642214,0.004005,-0.015068,0.535401
509,1788745197.705300,-0.050900,0.000000,0.152700,0.000000,0.000000,0.000000,1.000000,0.096323,-0.012398,0.009346,-0.643740,0.004005,-0.015068,0.536546
510,1788745197.707490,-0.051000,0.000000,0.153000,0.000000,0.000000,0.000000,1.000000,0.096323,-0.012398,0.009346,-0.644121,0.004005,-0.015068,0.537309
511,1788745197.709671,-0.051100,0.000000,0.153300,0.000000,0.000000,0.000000,1.000000,0.096323,-0.012398,0.009346,-0.645647,0.004005,-0.015068,0.538835
512,1788745197.711838,-0.051200,0.000000,0.153600,0.000000,0.000000,0.000000,1.000000,0.096323,-0.012398,0.009346,-0.647173,0.004005,-0.015068,0.539979
513,1788745197.714029,-0.051300,0.000000,0.153900,0.000000,0.000000,0.000000,1.000000,0.096323,-0.012398,0.009346,-0.647936,0.004005,-0.015068,0.541123
514,1788745197.716199,-0.051400,0.000000,0.154200,0.000000,0.000000,0.000000,1.000000,0.096323,-0.012398,0.009346,-0.647936,0.004005,-0.015450,0.542268
515,1788745197.718379,-0.051500,0.000000,0.154500,0.000000,0.000000,0.000000,1.000000,0.096323,-0.012398,0.009727,-0.647936,0.004005,-0.015450,0.543794
516,1788745197.720521,-0.051600,0.000000,0.154800,0.000000,0.000000,0.000000,1.000000,0.096323,-0.012398,0.009727,-0.647936,0.004005,-0.015450,0.544557
517,1788745197.722677,-0.051700,0.000000,0.155100,0.000000,0.000000,0.000000,1.000000,0.096323,-0.012398,0.009346,-0.652514,0.004005,-0.015450,0.546464
518,1788745197.724859,-0.051800,0.000000,0.155400,0.000000,0.000000,0.000000,1.000000,0.096323,-0.012398,0.009727,-0.654039,0.004005,-0.015450,0.547608
519,1788745197.727045,-0.051900,0.000000,0.155700,0.000000,0.000000,0.000000,1.000000,0.096323,-0.012398,0.009727,-0.655947,0.004005,-0.015450,0.549897
520,1788745197.729247,-0.052000,0.000000,0.156000,0.000000,0.000000,0.000000,1.000000,0.096323,-0.012398,0.009727,-0.657474,0.004005,-0.015450,0.551042
521,1788745197.731425,-0.052100,0.000000,0.156300,0.000000,0.000000,0.000000,1.000000,0.096323,-0.012398,0.009727,-0.657855,0.004005,-0.015450,0.552186
522,1788745197.733629,-0.052200,0.000000,0.156600,0.000000,0.000000,0.000000,1.000000,0.096323,-0.012398,0.009727,-0.659381,0.004005,-0.015450,0.553712
523,1788745197.735787,-0.052300,0.000000,0.156900,0.000000,0.000000,0.000000,1.000000,0.096323,-0.012398,0.009727,-0.660907,0.004005,-0.015450,0.554856
524,1788745197.737955,-0.052400,0.000000,0.157200,0.000000,0.000000,0.000000,1.000000,0.096323,-0.012398,0.009727,-0.661670,0.004005,-0.015450,0.555619
525,1788745197.740076,-0.052500,0.000000,0.157500,0.000000,0.000000,0.000000,1.000000,0.096323,-0.012398,0.009727,-0.663196,0.004005,-0.015450,0.557145
526,1788745197.742236,-0.052600,0.000000,0.157800,0.000000,0.000000,0.000000,1.000000,0.096323,-0.012398,0.009727,-0.663959,0.004005,-0.015450,0.557908
527,1788745197.744434,-0.052700,0.000000,0.158100,0.000000,0.000000,0.000000,1.000000,0.096323,-0.012398,0.009727,-0.665103,0.004005,-0.015450,0.559434
528,1788745197.746664,-0.052800,0.000000,0.158400,0.000000,0.000000,0.000000,1.000000,0.096323,-0.012398,0.009727,-0.666629,0.004005,-0.015450,0.560960
529,1788745197.748860,-0.052900,0.000000,0.158700,0.000000,0.000000,0.000000,1.000000,0.096323,-0.012398,0.009727,-0.667392,0.004005,-0.015450,0.561723
530,1788745197.751007,-0.053000,0.000000,0.159000,0.000000,0.000000,0.000000,1.000000,0.096323,-0.012779,0.009727,-0.670062,0.004005,-0.015450,0.564393
531,1788745197.753305,-0.053100,0.000000,0.159300,0.000000,0.000000,0.000000,1.000000,0.096323,-0.012779,0.009727,-0.670825,0.004005,-0.015450,0.565537
532,1788745197.755732,-0.053200,0.000000,0.159600,0.000000,0.000000,0.000000,1.000000,0.096323,-0.012779,0.009727,-0.671969,0.004005,-0.015450,0.567063
533,1788745197.758213,-0.053300,0.000000,0.159900,0.000000,0.000000,0.000000,1.000000,0.096323,-0.012779,0.009727,-0.673495,0.004005,-0.015450,0.568208
534,1788745197.760602,-0.053400,0.000000,0.160200,0.000000,0.000000,0.000000,1.000000,0.096323,-0.012779,0.009727,-0.674258,0.004005,-0.015450,0.569352
535,1788745197.762951,-0.053500,0.000000,0.160500,0.000000,0.000000,0.000000,1.000000,0.096323,-0.012779,0.009727,-0.677310,0.004005,-0.015450,0.572022
536,1788745197.765392,-0.053600,0.000000,0.160800,0.000000,0.000000,0.000000,1.000000,0.096323,-0.012779,0.009727,-0.677691,0.004005,-0.015450,0.572785
537,1788745197.767710,-0.053700,0.000000,0.161100,0.000000,0.000000,0.000000,1.000000,0.096323,-0.012779,0.009727,-0.679217,0.004005,-0.015450,0.573930
538,1788745197.770005,-0.053800,0.000000,0.161400,0.000000,0.000000,0.000000,1.000000,0.096323,-0.012779,0.009727,-0.680743,0.004005,-0.015831,0.575456
539,1788745197.772265,-0.053900,0.000000,0.161700,0.000000,0.000000,0.000000,1.000000,0.096323,-0.012779,0.009727,-0.681506,0.004005,-0.015831,0.576219
540,1788745197.774435,-0.054000,0.000000,0.162000,0.000000,0.000000,0.000000,1.000000,0.096323,-0.012779,0.009727,-0.683032,0.004005,-0.015831,0.577363
541,1788745197.776670,-0.054100,0.000000,0.162300,0.000000,0.000000,0.000000,1.000000,0.096323,-0.012779,0.009727,-0.684176,0.004005,-0.015450,0.578889
542,1788745197.778841,-0.054200,0.000000,0.162600,0.000000,0.000000,0.000000,1.000000,0.096323,-0.012779,0.009727,-0.684939,0.004005,-0.015831,0.580033
543,1788745197.781013,-0.054300,0.000000,0.162900,0.000000,0.000000,0.000000,1.000000,0.095942,-0.012779,0.009727,-0.687610,0.004005,-0.015831,0.582704
544,1788745197.783215,-0.054400,0.000000,0.163200,0.000000,0.000000,0.000000,1.000000,0.095942,-0.012779,0.009727,-0.688373,0.004005,-0.015831,0.583467
545,1788745197.785380,-0.054500,0.000000,0.163500,0.000000,0.000000,0.000000,1.000000,0.095942,-0.012779,0.009727,-0.689517,0.004005,-0.015831,0.585374
546,1788745197.787562,-0.054600,0.000000,0.163800,0.000000,0.000000,0.000000,1.000000,0.095942,-0.012779,0.009727,-0.690280,0.004005,-0.015831,0.586137
547,1788745197.789772,-0.054700,0.000000,0.164100,0.000000,0.000000,0.000000,1.000000,0.095942,-0.012779,0.009727,-0.691424,0.004005,-0.015831,0.587663
548,1788745197.792052,-0.054800,0.000000,0.164400,0.000000,0.000000,0.000000,1.000000,0.095942,-0.012779,0.009727,-0.692950,0.004005,-0.015831,0.588807
549,1788745197.794222,-0.054900,0.000000,0.164700,0.000000,0.000000,0.000000,1.000000,0.095942,-0.012779,0.009727,-0.693713,0.004005,-0.015831,0.589952
550,1788745197.796381,-0.055000,0.000000,0.165000,0.000000,0.000000,0.000000,1.000000,0.095942,-0.012779,0.009727,-0.695239,0.004005,-0.015831,0.591096
551,1788745197.798537,-0.055100,0.000000,0.165300,0.000000,0.000000,0.000000,1.000000,0.095942,-0.013161,0.009727,-0.696383,0.004005,-0.015831,0.592240
552,1788745197.800701,-0.055200,0.000000,0.165600,0.000000,0.000000,0.000000,1.000000,0.095942,-0.013161,0.009727,-0.697146,0.004005,-0.015831,0.593003
553,1788745197.802909,-0.055300,0.000000,0.165900,0.000000,0.000000,0.000000,1.000000,0.095942,-0.013161,0.009727,-0.698291,0.004005,-0.015831,0.595675
554,1788745197.805147,-0.055400,0.000000,0.166200,0.000000,0.000000,0.000000,1.000000,0.095942,-0.013161,0.009727,-0.700580,0.004005,-0.015831,0.596056
555,1788745197.807331,-0.055500,0.000000,0.166500,0.000000,0.000000,0.000000,1.000000,0.095942,-0.013161,0.009727,-0.701724,0.004005,-0.015831,0.597200
556,1788745197.809502,-0.055600,0.000000,0.166800,0.000000,0.000000,0.000000,1.000000,0.095942,-0.013161,0.009727,-0.702868,0.004005,-0.015831,0.598345
557,1788745197.811643,-0.055700,0.000000,0.167100,0.000000,0.000000,0.000000,1.000000,0.095942,-0.013161,0.009727,-0.703631,0.004005,-0.016212,0.599489
558,1788745197.813806,-0.055800,0.000000,0.167400,0.000000,0.000000,0.000000,1.000000,0.095942,-0.013161,0.009727,-0.704776,0.004005,-0.016212,0.600634
559,1788745197.815985,-0.055900,0.000000,0.167700,0.000000,0.000000,0.000000,1.000000,0.095560,-0.013161,0.009727,-0.704776,0.004005,-0.016212,0.602160
560,1788745197.818127,-0.056000,0.000000,0.168000,0.000000,0.000000,0.000000,1.000000,0.095560,-0.013161,0.009727,-0.704776,0.004005,-0.016212,0.602922
561,1788745197.820307,-0.056100,0.000000,0.168300,0.000000,0.000000,0.000000,1.000000,0.095560,-0.013542,0.009727,-0.705539,0.004005,-0.016212,0.604448
562,1788745197.822480,-0.056200,0.000000,0.168600,0.000000,0.000000,0.000000,1.000000,0.095560,-0.013542,0.009727,-0.709353,0.004005,-0.015831,0.605974
563,1788745197.824700,-0.056300,0.000000,0.168900,0.000000,0.000000,0.000000,1.000000,0.095560,-0.013542,0.009727,-0.710116,0.004005,-0.016212,0.607119
564,1788745197.826877,-0.056400,0.000000,0.169200,0.000000,0.000000,0.000000,1.000000,0.095560,-0.013542,0.009727,-0.711261,0.004005,-0.016212,0.610170
565,1788745197.829076,-0.056500,0.000000,0.169500,0.000000,0.000000,0.000000,1.000000,0.095560,-0.013542,0.009727,-0.713550,0.004005,-0.016212,0.610933
566,1788745197.831232,-0.056600,0.000000,0.169800,0.000000,0.000000,0.000000,1.000000,0.095560,-0.013542,0.009727,-0.714694,0.004005,-0.016212,0.612459
567,1788745197.833425,-0.056700,0.000000,0.170100,0.000000,0.000000,0.000000,1.000000,0.095179,-0.013542,0.009727,-0.715457,0.004005,-0.016212,0.613604
568,1788745197.835586,-0.056800,0.000000,0.170400,0.000000,0.000000,0.000000,1.000000,0.095179,-0.013542,0.009727,-0.716601,0.004005,-0.016212,0.615511
569,1788745197.837735,-0.056900,0.000000,0.170700,0.000000,0.000000,0.000000,1.000000,0.095179,-0.013542,0.009727,-0.718127,0.004005,-0.016212,0.617037
570,1788745197.839896,-0.057000,0.000000,0.171000,0.000000,0.000000,0.000000,1.000000,0.095179,-0.013542,0.009727,-0.718127,0.004005,-0.016212,0.617800
571,1788745197.842058,-0.057100,0.000000,0.171300,0.000000,0.000000,0.000000,1.000000,0.094797,-0.013924,0.009727,-0.720036,0.004005,-0.016212,0.619326
572,1788745197.844209,-0.057200,0.000000,0.171600,0.000000,0.000000,0.000000,1.000000,0.094797,-0.013924,0.009727,-0.721561,0.004005,-0.016594,0.620470
573,1788745197.846395,-0.057300,0.000000,0.171900,0.000000,0.000000,0.000000,1.000000,0.094797,-0.013924,0.009727,-0.721943,0.004005,-0.016594,0.621614
574,1788745197.848573,-0.057400,0.000000,0.172200,0.000000,0.000000,0.000000,1.000000,0.094797,-0.013924,0.009727,-0.723469,0.004005,-0.016594,0.623140
575,1788745197.850730,-0.057500,0.000000,0.172500,0.000000,0.000000,0.000000,1.000000,0.094416,-0.013924,0.009727,-0.723469,0.004005,-0.016594,0.624666
576,1788745197.852883,-0.057600,0.000000,0.172800,0.000000,0.000000,0.000000,1.000000,0.094416,-0.013924,0.009727,-0.726521,0.004005,-0.016594,0.626955
577,1788745197.855039,-0.057700,0.000000,0.173100,0.000000,0.000000,0.000000,1.000000,0.094416,-0.013924,0.009727,-0.727665,0.004005,-0.016594,0.627718
578,1788745197.857270,-0.057800,0.000000,0.173400,0.000000,0.000000,0.000000,1.000000,0.094416,-0.013924,0.009727,-0.728809,0.004005,-0.016594,0.629625
579,1788745197.859453,-0.057900,0.000000,0.173700,0.000000,0.000000,0.000000,1.000000,0.094416,-0.013924,0.009727,-0.729954,0.004005,-0.016594,0.631151
580,1788745197.861621,-0.058000,0.000000,0.174000,0.000000,0.000000,0.000000,1.000000,0.094034,-0.013924,0.009727,-0.730717,0.004005,-0.016975,0.631914
581,1788745197.863773,-0.058100,0.000000,0.174300,0.000000,0.000000,0.000000,1.000000,0.094034,-0.013924,0.009727,-0.732243,0.004005,-0.016975,0.633821
582,1788745197.865949,-0.058200,0.000000,0.174600,0.000000,0.000000,0.000000,1.000000,0.094034,-0.013924,0.009727,-0.733387,0.004005,-0.016975,0.635347
583,1788745197.868103,-0.058300,0.000000,0.174900,0.000000,0.000000,0.000000,1.000000,0.094034,-0.013924,0.009727,-0.733387,0.004005,-0.017357,0.636110
584,1788745197.870256,-0.058400,0.000000,0.175200,0.000000,0.000000,0.000000,1.000000,0.093652,-0.013924,0.009727,-0.735676,0.004005,-0.017357,0.637636
585,1788745197.872418,-0.058500,0.000000,0.175500,0.000000,0.000000,0.000000,1.000000,0.093652,-0.013924,0.009727,-0.736820,0.004005,-0.017357,0.639162
586,1788745197.874580,-0.058600,0.000000,0.175800,0.000000,0.000000,0.000000,1.000000,0.093652,-0.013924,0.009727,-0.736820,0.004005,-0.017738,0.639925
587,1788745197.876745,-0.058700,0.000000,0.176100,0.000000,0.000000,0.000000,1.000000,0.093270,-0.014305,0.009727,-0.738728,0.004005,-0.017738,0.641451
588,1788745197.878918,-0.058800,0.000000,0.176400,0.000000,0.000000,0.000000,1.000000,0.093270,-0.014305,0.009727,-0.740635,0.004005,-0.018120,0.643358
589,1788745197.881079,-0.058900,0.000000,0.176700,0.000000,0.000000,0.000000,1.000000,0.092889,-0.014305,0.009727,-0.741779,0.004005,-0.018501,0.644503
590,1788745197.883244,-0.059000,0.000000,0.177000,0.000000,0.000000,0.000000,1.000000,0.092889,-0.014305,0.009727,-0.743305,0.004005,-0.018501,0.645266
591,1788745197.885408,-0.059100,0.000000,0.177300,0.000000,0.000000,0.000000,1.000000,0.092507,-0.014305,0.009727,-0.744068,0.004005,-0.018883,0.646029
592,1788745197.887583,-0.059200,0.000000,0.177600,0.000000,0.000000,0.000000,1.000000,0.092507,-0.014305,0.009727,-0.745213,0.004005,-0.018883,0.647554
593,1788745197.889747,-0.059300,0.000000,0.177900,0.000000,0.000000,0.000000,1.000000,0.092507,-0.014305,0.009727,-0.746357,0.004005,-0.018883,0.648317
594,1788745197.891920,-0.059400,0.000000,0.178200,0.000000,0.000000,0.000000,1.000000,0.092126,-0.014687,0.009727,-0.747120,0.004005,-0.018883,0.649080
595,1788745197.894083,-0.059500,0.000000,0.178500,0.000000,0.000000,0.000000,1.000000,0.092126,-0.014687,0.009727,-0.748646,0.004005,-0.018883,0.650225
596,1788745197.896217,-0.059600,0.000000,0.178800,0.000000,0.000000,0.000000,1.000000,0.091744,-0.014687,0.010109,-0.749409,0.004005,-0.018883,0.652132
597,1788745197.898372,-0.059700,0.000000,0.179100,0.000000,0.000000,0.000000,1.000000,0.091744,-0.014687,0.010109,-0.750172,0.004005,-0.018883,0.652895
598,1788745197.900510,-0.059800,0.000000,0.179400,0.000000,0.000000,0.000000,1.000000,0.091744,-0.014687,0.010109,-0.751698,0.004005,-0.018883,0.654421
599,1788745197.902639,-0.059900,0.000000,0.179700,0.000000,0.000000,0.000000,1.000000,0.091363,-0.014687,0.010109,-0.752460,0.004005,-0.018883,0.655184
600,1788745197.904792,-0.060000,0.000000,0.180000,0.000000,0.000000,0.000000,1.000000,0.090981,-0.014687,0.010109,-0.753605,0.004005,-0.018883,0.657092
601,1788745197.906954,-0.060100,0.000000,0.180300,0.000000,0.000000,0.000000,1.000000,0.090600,-0.015068,0.010109,-0.755131,0.004005,-0.018883,0.659762
602,1788745197.909208,-0.060200,0.000000,0.180600,0.000000,0.000000,0.000000,1.000000,0.090219,-0.015068,0.010109,-0.757038,0.004005,-0.019264,0.661288
603,1788745197.911545,-0.060300,0.000000,0.180900,0.000000,0.000000,0.000000,1.000000,0.090219,-0.015068,0.010109,-0.758564,0.003624,-0.018883,0.662814
604,1788745197.913940,-0.060400,0.000000,0.181200,0.000000,0.000000,0.000000,1.000000,0.089837,-0.015068,0.010109,-0.759327,0.004005,-0.018883,0.663959
605,1788745197.916264,-0.060500,0.000000,0.181500,0.000000,0.000000,0.000000,1.000000,0.089837,-0.015068,0.010109,-0.760471,0.004005,-0.019264,0.665103
606,1788745197.918555,-0.060600,0.000000,0.181800,0.000000,0.000000,0.000000,1.000000,0.089456,-0.015450,0.010109,-0.761997,0.004005,-0.019264,0.666629
607,1788745197.920817,-0.060700,0.000000,0.182100,0.000000,0.000000,0.000000,1.000000,0.089456,-0.015450,0.010109,-0.762379,0.004005,-0.018883,0.667392
608,1788745197.923259,-0.060800,0.000000,0.182400,0.000000,0.000000,0.000000,1.000000,0.089074,-0.015450,0.010490,-0.765049,0.004005,-0.019264,0.670062
609,1788745197.925674,-0.060900,0.000000,0.182700,0.000000,0.000000,0.000000,1.000000,0.089074,-0.015831,0.010490,-0.765812,0.004005,-0.018883,0.670825
610,1788745197.928049,-0.061000,0.000000,0.183000,0.000000,0.000000,0.000000,1.000000,0.088693,-0.015831,0.010490,-0.766956,0.004005,-0.018883,0.671969
611,1788745197.930435,-0.061100,0.000000,0.183300,0.000000,0.000000,0.000000,1.000000,0.088693,-0.016212,0.010490,-0.768101,0.004005,-0.019264,0.673114
612,1788745197.932873,-0.061200,0.000000,0.183600,0.000000,0.000000,0.000000,1.000000,0.088311,-0.016212,0.010490,-0.768864,0.004005,-0.019264,0.674258
613,1788745197.935304,-0.061300,0.000000,0.183900,0.000000,0.000000,0.000000,1.000000,0.087930,-0.016212,0.010490,-0.770771,0.004005,-0.019264,0.675784
614,1788745197.937490,-0.061400,0.000000,0.184200,0.000000,0.000000,0.000000,1.000000,0.087930,-0.016594,0.010490,-0.771915,0.004005,-0.019264,0.676929
615,1788745197.939668,-0.061500,0.000000,0.184500,0.000000,0.000000,0.000000,1.000000,0.087548,-0.016594,0.010490,-0.773441,0.004005,-0.019264,0.678073
616,1788745197.941881,-0.061600,0.000000,0.184800,0.000000,0.000000,0.000000,1.000000,0.087548,-0.016594,0.010490,-0.773823,0.004005,-0.019264,0.678836
617,1788745197.944052,-0.061700,0.000000,0.185100,0.000000,0.000000,0.000000,1.000000,0.087167,-0.016975,0.010490,-0.774967,0.004005,-0.019264,0.680362
618,1788745197.946270,-0.061800,0.000000,0.185400,0.000000,0.000000,0.000000,1.000000,0.087167,-0.016975,0.010872,-0.776493,0.004005,-0.019264,0.681888
619,1788745197.948464,-0.061900,0.000000,0.185700,0.000000,0.000000,0.000000,1.000000,0.086785,-0.016975,0.010872,-0.777256,0.004005,-0.018883,0.682651
620,1788745197.950624,-0.062000,0.000000,0.186000,0.000000,0.000000,0.000000,1.000000,0.086785,-0.017357,0.010872,-0.778400,0.004005,-0.019264,0.684176
621,1788745197.952770,-0.062100,0.000000,0.186300,0.000000,0.000000,0.000000,1.000000,0.086785,-0.017357,0.010872,-0.779163,0.004005,-0.019264,0.684939
622,1788745197.954947,-0.062200,0.000000,0.186600,0.000000,0.000000,0.000000,1.000000,0.086022,-0.017738,0.010872,-0.781835,0.004005,-0.019264,0.688373
623,1788745197.957151,-0.062300,0.000000,0.186900,0.000000,0.000000,0.000000,1.000000,0.086022,-0.017738,0.010872,-0.782598,0.004005,-0.019264,0.689517
624,1788745197.959430,-0.062400,0.000000,0.187200,0.000000,0.000000,0.000000,1.000000,0.085641,-0.018120,0.011253,-0.783742,0.004005,-0.019264,0.691043
625,1788745197.961684,-0.062500,0.000000,0.187500,0.000000,0.000000,0.000000,1.000000,0.085641,-0.018120,0.011253,-0.785268,0.004005,-0.019264,0.692950
626,1788745197.963952,-0.062600,0.000000,0.187800,0.000000,0.000000,0.000000,1.000000,0.085259,-0.018501,0.011253,-0.785649,0.004005,-0.019264,0.694095
627,1788745197.966185,-0.062700,0.000000,0.188100,0.000000,0.000000,0.000000,1.000000,0.085259,-0.018501,0.011635,-0.785649,0.004005,-0.019264,0.695621
628,1788745197.968423,-0.062800,0.000000,0.188400,0.000000,0.000000,0.000000,1.000000,0.084878,-0.018501,0.011635,-0.785649,0.004005,-0.019264,0.697528
629,1788745197.970611,-0.062900,0.000000,0.188700,0.000000,0.000000,0.000000,1.000000,0.084878,-0.018883,0.011635,-0.786412,0.004005,-0.019264,0.698291
630,1788745197.972790,-0.063000,0.000000,0.189000,0.000000,0.000000,0.000000,1.000000,0.084496,-0.018883,0.011635,-0.786412,0.004005,-0.019264,0.700198
631,1788745197.975063,-0.063100,0.000000,0.189300,0.000000,0.000000,0.000000,1.000000,0.084115,-0.019264,0.011635,-0.792516,0.004005,-0.019264,0.702487
632,1788745197.977350,-0.063200,0.000000,0.189600,0.000000,0.000000,0.000000,1.000000,0.083734,-0.019264,0.011635,-0.793660,0.004005,-0.019264,0.704013
633,1788745197.979628,-0.063300,0.000000,0.189900,0.000000,0.000000,0.000000,1.000000,0.083734,-0.019646,0.011635,-0.794423,0.004005,-0.019264,0.704776
634,1788745197.981889,-0.063400,0.000000,0.190200,0.000000,0.000000,0.000000,1.000000,0.083352,-0.019646,0.011635,-0.795568,0.004005,-0.019264,0.705920
635,1788745197.984164,-0.063500,0.000000,0.190500,0.000000,0.000000,0.000000,1.000000,0.083352,-0.020027,0.011635,-0.796712,0.004005,-0.019264,0.707446
636,1788745197.986431,-0.063600,0.000000,0.190800,0.000000,0.000000,0.000000,1.000000,0.082971,-0.020027,0.011635,-0.797475,0.004005,-0.019264,0.708209
637,1788745197.988635,-0.063700,0.000000,0.191100,0.000000,0.000000,0.000000,1.000000,0.082971,-0.020027,0.011635,-0.798619,0.004005,-0.019264,0.709353
638,1788745197.990811,-0.063800,0.000000,0.191400,0.000000,0.000000,0.000000,1.000000,0.082589,-0.020409,0.011635,-0.799764,0.004005,-0.019264,0.710498
639,1788745197.992974,-0.063900,0.000000,0.191700,0.000000,0.000000,0.000000,1.000000,0.082208,-0.020409,0.011635,-0.801290,0.004005,-0.019264,0.712787
640,1788745197.995209,-0.064000,0.000000,0.192000,0.000000,0.000000,0.000000,1.000000,0.081826,-0.020790,0.011635,-0.802434,0.004005,-0.019264,0.714694
641,1788745197.997375,-0.064100,0.000000,0.192300,0.000000,0.000000,0.000000,1.000000,0.081826,-0.020790,0.011635,-0.803197,0.004005,-0.019264,0.715457
642,1788745197.999575,-0.064200,0.000000,0.192600,0.000000,0.000000,0.000000,1.000000,0.081445,-0.021172,0.012016,-0.804341,0.004005,-0.019646,0.716983
643,1788745198.001731,-0.064300,0.000000,0.192900,0.000000,0.000000,0.000000,1.000000,0.081445,-0.021172,0.012016,-0.805104,0.004005,-0.019646,0.717746
644,1788745198.003872,-0.064400,0.000000,0.193200,0.000000,0.000000,0.000000,1.000000,0.081063,-0.021172,0.012016,-0.806630,0.004005,-0.019646,0.719273
645,1788745198.006030,-0.064500,0.000000,0.193500,0.000000,0.000000,0.000000,1.000000,0.081063,-0.021553,0.012016,-0.807775,0.004005,-0.019646,0.720798
646,1788745198.008252,-0.064600,0.000000,0.193800,0.000000,0.000000,0.000000,1.000000,0.080682,-0.021553,0.012016,-0.808537,0.004005,-0.019646,0.721943
647,1788745198.010413,-0.064700,0.000000,0.194100,0.000000,0.000000,0.000000,1.000000,0.080300,-0.021553,0.012016,-0.809682,0.004005,-0.019646,0.723469
648,1788745198.012595,-0.064800,0.000000,0.194400,0.000000,0.000000,0.000000,1.000000,0.079919,-0.021935,0.012398,-0.811208,0.004005,-0.019646,0.724995
649,1788745198.014772,-0.064900,0.000000,0.194700,0.000000,0.000000,0.000000,1.000000,0.079537,-0.021935,0.012398,-0.811971,0.004005,-0.019646,0.726521
650,1788745198.016912,-0.065000,0.000000,0.195000,0.000000,0.000000,0.000000,1.000000,0.079156,-0.022316,0.012398,-0.814260,0.004005,-0.020027,0.729191
651,1788745198.019060,-0.065100,0.000000,0.195300,0.000000,0.000000,0.000000,1.000000,0.079156,-0.022316,0.012398,-0.815022,0.004005,-0.020027,0.730335
652,1788745198.021252,-0.065200,0.000000,0.195600,0.000000,0.000000,0.000000,1.000000,0.078774,-0.022697,0.012398,-0.816167,0.004005,-0.020027,0.731861
653,1788745198.023410,-0.065300,0.000000,0.195900,0.000000,0.000000,0.000000,1.000000,0.078393,-0.022697,0.012398,-0.816930,0.004005,-0.020027,0.732624
654,1788745198.025566,-0.065400,0.000000,0.196200,0.000000,0.000000,0.000000,1.000000,0.078012,-0.022697,0.012398,-0.818456,0.004005,-0.020027,0.734150
655,1788745198.027717,-0.065500,0.000000,0.196500,0.000000,0.000000,0.000000,1.000000,0.077630,-0.023079,0.012398,-0.819600,0.004005,-0.020027,0.735676
656,1788745198.029888,-0.065600,0.000000,0.196800,0.000000,0.000000,0.000000,1.000000,0.077630,-0.023079,0.012398,-0.820363,0.004005,-0.020027,0.736439
657,1788745198.032102,-0.065700,0.000000,0.197100,0.000000,0.000000,0.000000,1.000000,0.077249,-0.023079,0.012398,-0.821507,0.004005,-0.020027,0.738346
658,1788745198.034282,-0.065800,0.000000,0.197400,0.000000,0.000000,0.000000,1.000000,0.076867,-0.023079,0.012398,-0.822652,0.004005,-0.020027,0.739491
659,1788745198.036429,-0.065900,0.000000,0.197700,0.000000,0.000000,0.000000,1.000000,0.076867,-0.023079,0.012398,-0.823415,0.004005,-0.020027,0.740635
660,1788745198.038586,-0.066000,0.000000,0.198000,0.000000,0.000000,0.000000,1.000000,0.076486,-0.023460,0.012398,-0.824559,0.004005,-0.020027,0.741779
661,1788745198.040736,-0.066100,0.000000,0.198300,0.000000,0.000000,0.000000,1.000000,0.076486,-0.023460,0.012398,-0.825704,0.004005,-0.020027,0.742924
662,1788745198.042872,-0.066200,0.000000,0.198600,0.000000,0.000000,0.000000,1.000000,0.076104,-0.023460,0.012398,-0.826848,0.004005,-0.020027,0.744450
663,1788745198.045037,-0.066300,0.000000,0.198900,0.000000,0.000000,0.000000,1.000000,0.075341,-0.023460,0.012398,-0.828755,0.004005,-0.020027,0.746738
664,1788745198.047223,-0.066400,0.000000,0.199200,0.000000,0.000000,0.000000,1.000000,0.074960,-0.023842,0.012398,-0.829900,0.004005,-0.020027,0.748264
665,1788745198.049389,-0.066500,0.000000,0.199500,0.000000,0.000000,0.000000,1.000000,0.074960,-0.023842,0.012398,-0.831426,0.004005,-0.020027,0.749409
666,1788745198.051519,-0.066600,0.000000,0.199800,0.000000,0.000000,0.000000,1.000000,0.074578,-0.023842,0.012398,-0.832189,0.004005,-0.020027,0.750172
667,1788745198.053637,-0.066700,0.000000,0.200100,0.000000,0.000000,0.000000,1.000000,0.074578,-0.023842,0.012398,-0.833333,0.004005,-0.020027,0.751698
668,1788745198.055768,-0.066800,0.000000,0.200400,0.000000,0.000000,0.000000,1.000000,0.074197,-0.024223,0.012398,-0.833714,0.004005,-0.020027,0.752460
669,1788745198.057895,-0.066900,0.000000,0.200700,0.000000,0.000000,0.000000,1.000000,0.073815,-0.024223,0.012398,-0.834859,0.004005,-0.020027,0.753605
670,1788745198.060057,-0.067000,0.000000,0.201000,0.000000,0.000000,0.000000,1.000000,0.073815,-0.024223,0.012398,-0.836003,0.004005,-0.020409,0.755131
671,1788745198.062206,-0.067100,0.000000,0.201300,0.000000,0.000000,0.000000,1.000000,0.073434,-0.024223,0.012398,-0.836003,0.004005,-0.020409,0.755894
672,1788745198.064394,-0.067200,0.000000,0.201600,0.000000,0.000000,0.000000,1.000000,0.073052,-0.024223,0.012398,-0.837911,0.004005,-0.020409,0.756657
673,1788745198.066560,-0.067300,0.000000,0.201900,0.000000,0.000000,0.000000,1.000000,0.072671,-0.024223,0.012398,-0.839437,0.004005,-0.020409,0.757801
674,1788745198.068730,-0.067400,0.000000,0.202200,0.000000,0.000000,0.000000,1.000000,0.072671,-0.024223,0.012398,-0.839818,0.004005,-0.020790,0.758945
675,1788745198.070987,-0.067500,0.000000,0.202500,0.000000,0.000000,0.000000,1.000000,0.071908,-0.024223,0.012398,-0.841725,0.004005,-0.020790,0.761234
676,1788745198.073372,-0.067600,0.000000,0.202800,0.000000,0.000000,0.000000,1.000000,0.071527,-0.024223,0.012398,-0.842870,0.004005,-0.021172,0.762760
677,1788745198.075689,-0.067700,0.000000,0.203100,0.000000,0.000000,0.000000,1.000000,0.071145,-0.024223,0.012398,-0.844397,0.004005,-0.021553,0.764286
678,1788745198.078121,-0.067800,0.000000,0.203400,0.000000,0.000000,0.000000,1.000000,0.071145,-0.024223,0.012398,-0.845160,0.004005,-0.021553,0.765049
679,1788745198.080305,-0.067900,0.000000,0.203700,0.000000,0.000000,0.000000,1.000000,0.070764,-0.024223,0.012398,-0.846304,0.004005,-0.021935,0.766956
680,1788745198.082492,-0.068000,0.000000,0.204000,0.000000,0.000000,0.000000,1.000000,0.070382,-0.024223,0.012398,-0.846685,0.004005,-0.021935,0.767719
681,1788745198.084660,-0.068100,0.000000,0.204300,0.000000,0.000000,0.000000,1.000000,0.070001,-0.024223,0.012398,-0.847830,0.004005,-0.022316,0.769627
682,1788745198.086814,-0.068200,0.000000,0.204600,0.000000,0.000000,0.000000,1.000000,0.069619,-0.024223,0.012398,-0.849356,0.004005,-0.022697,0.771534
683,1788745198.088998,-0.068300,0.000000,0.204900,0.000000,0.000000,0.000000,1.000000,0.069238,-0.024223,0.012398,-0.851263,0.004005,-0.023079,0.774204
684,1788745198.091149,-0.068400,0.000000,0.205200,0.000000,0.000000,0.000000,1.000000,0.068856,-0.023842,0.012398,-0.852407,0.004005,-0.023079,0.775349
685,1788745198.093298,-0.068500,0.000000,0.205500,0.000000,0.000000,0.000000,1.000000,0.068856,-0.023842,0.012398,-0.852789,0.004005,-0.023079,0.776493
686,1788745198.095467,-0.068600,0.000000,0.205800,0.000000,0.000000,0.000000,1.000000,0.068475,-0.023842,0.012398,-0.853933,0.004005,-0.023079,0.778019
687,1788745198.097630,-0.068700,0.000000,0.206100,0.000000,0.000000,0.000000,1.000000,0.068093,-0.023842,0.012398,-0.854696,0.003624,-0.023079,0.779163
688,1788745198.099774,-0.068800,0.000000,0.206400,0.000000,0.000000,0.000000,1.000000,0.067712,-0.023842,0.012398,-0.855841,0.004005,-0.023079,0.780308
689,1788745198.101922,-0.068900,0.000000,0.206700,0.000000,0.000000,0.000000,1.000000,0.067330,-0.023842,0.012398,-0.856985,0.004005,-0.022697,0.781835
690,1788745198.104088,-0.069000,0.000000,0.207000,0.000000,0.000000,0.000000,1.000000,0.067330,-0.023842,0.012398,-0.857748,0.004005,-0.023079,0.782598
691,1788745198.106253,-0.069100,0.000000,0.207300,0.000000,0.000000,0.000000,1.000000,0.066949,-0.023842,0.012398,-0.858892,0.004005,-0.022697,0.783742
692,1788745198.108427,-0.069200,0.000000,0.207600,0.000000,0.000000,0.000000,1.000000,0.066567,-0.023842,0.012398,-0.860037,0.004005,-0.023079,0.785268
693,1788745198.110568,-0.069300,0.000000,0.207900,0.000000,0.000000,0.000000,1.000000,0.066186,-0.023842,0.012398,-0.860418,0.004005,-0.023079,0.786794
694,1788745198.112715,-0.069400,0.000000,0.208200,0.000000,0.000000,0.000000,1.000000,0.065804,-0.023842,0.012398,-0.861563,0.004005,-0.023079,0.788320
695,1788745198.114903,-0.069500,0.000000,0.208500,0.000000,0.000000,0.000000,1.000000,0.065423,-0.023842,0.012398,-0.862326,0.004005,-0.023079,0.789464
696,1788745198.117081,-0.069600,0.000000,0.208800,0.000000,0.000000,0.000000,1.000000,0.064660,-0.023842,0.012398,-0.864614,0.004005,-0.023079,0.792897
697,1788745198.119230,-0.069700,0.000000,0.209100,0.000000,0.000000,0.000000,1.000000,0.064279,-0.023842,0.012398,-0.865377,0.004005,-0.023079,0.794042
698,1788745198.121374,-0.069800,0.000000,0.209400,0.000000,0.000000,0.000000,1.000000,0.063897,-0.023842,0.012398,-0.866140,0.004005,-0.023079,0.795949
699,1788745198.123553,-0.069900,0.000000,0.209700,0.000000,0.000000,0.000000,1.000000,0.063516,-0.023842,0.012398,-0.867285,0.004005,-0.023079,0.797475
700,1788745198.125722,-0.070000,0.000000,0.210000,0.000000,0.000000,0.000000,1.000000,0.063134,-0.023842,0.012398,-0.867285,0.004005,-0.023079,0.798619
701,1788745198.127871,-0.070100,0.000000,0.210300,0.000000,0.000000,0.000000,1.000000,0.062753,-0.023842,0.012398,-0.869192,0.004005,-0.023079,0.799764
702,1788745198.130025,-0.070200,0.000000,0.210600,0.000000,0.000000,0.000000,1.000000,0.062371,-0.023842,0.012398,-0.870337,0.004005,-0.023079,0.801290
703,1788745198.132167,-0.070300,0.000000,0.210900,0.000000,0.000000,0.000000,1.000000,0.062371,-0.023842,0.012398,-0.870718,0.004005,-0.023079,0.801671
704,1788745198.134330,-0.070400,0.000000,0.211200,0.000000,0.000000,0.000000,1.000000,0.061990,-0.023842,0.012398,-0.871862,0.004005,-0.023079,0.803197
705,1788745198.136524,-0.070500,0.000000,0.211500,0.000000,0.000000,0.000000,1.000000,0.061608,-0.023842,0.012398,-0.872625,0.004005,-0.023079,0.803960
706,1788745198.138681,-0.070600,0.000000,0.211800,0.000000,0.000000,0.000000,1.000000,0.061227,-0.024223,0.012398,-0.873388,0.004005,-0.023079,0.805104
707,1788745198.140826,-0.070700,0.000000,0.212100,0.000000,0.000000,0.000000,1.000000,0.060845,-0.024223,0.012398,-0.874533,0.004005,-0.023079,0.806249
708,1788745198.143017,-0.070800,0.000000,0.212400,0.000000,0.000000,0.000000,1.000000,0.060464,-0.024223,0.012779,-0.876440,0.004005,-0.023460,0.808537
709,1788745198.145238,-0.070900,0.000000,0.212700,0.000000,0.000000,0.000000,1.000000,0.060082,-0.024223,0.012779,-0.877584,0.004005,-0.023079,0.809682
710,1788745198.147429,-0.071000,0.000000,0.213000,0.000000,0.000000,0.000000,1.000000,0.059701,-0.024223,0.012779,-0.878347,0.004005,-0.023079,0.810826
711,1788745198.149606,-0.071100,0.000000,0.213300,0.000000,0.000000,0.000000,1.000000,0.059319,-0.024223,0.012779,-0.879492,0.004005,-0.023079,0.812352
712,1788745198.151751,-0.071200,0.000000,0.213600,0.000000,0.000000,0.000000,1.000000,0.059319,-0.024223,0.012779,-0.880255,0.004005,-0.023079,0.813497
713,1788745198.153898,-0.071300,0.000000,0.213900,0.000000,0.000000,0.000000,1.000000,0.058938,-0.024223,0.012779,-0.881399,0.004005,-0.023079,0.815404
714,1788745198.156073,-0.071400,0.000000,0.214200,0.000000,0.000000,0.000000,1.000000,0.058175,-0.024223,0.012779,-0.882544,0.004005,-0.023079,0.817311
715,1788745198.158237,-0.071500,0.000000,0.214500,0.000000,0.000000,0.000000,1.000000,0.058175,-0.024223,0.012779,-0.883307,0.004005,-0.023079,0.818456
716,1788745198.160404,-0.071600,0.000000,0.214800,0.000000,0.000000,0.000000,1.000000,0.057412,-0.024223,0.012779,-0.884451,0.004005,-0.023079,0.819982
717,1788745198.162559,-0.071700,0.000000,0.215100,0.000000,0.000000,0.000000,1.000000,0.057412,-0.024223,0.013161,-0.885214,0.004005,-0.023079,0.821507
718,1788745198.164725,-0.071800,0.000000,0.215400,0.000000,0.000000,0.000000,1.000000,0.056649,-0.024223,0.013161,-0.886358,0.004005,-0.023079,0.823415
719,1788745198.166896,-0.071900,0.000000,0.215700,0.000000,0.000000,0.000000,1.000000,0.056268,-0.024223,0.013161,-0.886358,0.004005,-0.023460,0.826085
720,1788745198.169063,-0.072000,0.000000,0.216000,0.000000,0.000000,0.000000,1.000000,0.055886,-0.024223,0.013161,-0.889791,0.004005,-0.023460,0.827611
721,1788745198.171212,-0.072100,0.000000,0.216300,0.000000,0.000000,0.000000,1.000000,0.055505,-0.024223,0.013161,-0.890936,0.004005,-0.023460,0.829137
722,1788745198.173419,-0.072200,0.000000,0.216600,0.000000,0.000000,0.000000,1.000000,0.055123,-0.024223,0.013161,-0.891699,0.004005,-0.023460,0.829900
723,1788745198.175637,-0.072300,0.000000,0.216900,0.000000,0.000000,0.000000,1.000000,0.054742,-0.024223,0.013161,-0.892843,0.004005,-0.023460,0.831426
724,1788745198.177806,-0.072400,0.000000,0.217200,0.000000,0.000000,0.000000,1.000000,0.054360,-0.024223,0.013161,-0.893988,0.004005,-0.023460,0.832570
725,1788745198.179971,-0.072500,0.000000,0.217500,0.000000,0.000000,0.000000,1.000000,0.053979,-0.024223,0.013161,-0.894751,0.004005,-0.023460,0.833333
726,1788745198.182151,-0.072600,0.000000,0.217800,0.000000,0.000000,0.000000,1.000000,0.053597,-0.024223,0.013161,-0.895895,0.004005,-0.023460,0.834859
727,1788745198.184361,-0.072700,0.000000,0.218100,0.000000,0.000000,0.000000,1.000000,0.053216,-0.024223,0.013161,-0.897039,0.004005,-0.023460,0.836385
728,1788745198.186543,-0.072800,0.000000,0.218400,0.000000,0.000000,0.000000,1.000000,0.052835,-0.024223,0.013161,-0.897421,0.004005,-0.023460,0.836766
729,1788745198.188716,-0.072900,0.000000,0.218700,0.000000,0.000000,0.000000,1.000000,0.052453,-0.024223,0.013161,-0.898565,0.004005,-0.023460,0.838674
730,1788745198.190881,-0.073000,0.000000,0.219000,0.000000,0.000000,0.000000,1.000000,0.052072,-0.024223,0.013161,-0.900473,0.004005,-0.023842,0.840581
731,1788745198.193164,-0.073100,0.000000,0.219300,0.000000,0.000000,0.000000,1.000000,0.051309,-0.024223,0.013161,-0.901236,0.004005,-0.023842,0.842107
732,1788745198.195359,-0.073200,0.000000,0.219600,0.000000,0.000000,0.000000,1.000000,0.051309,-0.024223,0.013161,-0.901999,0.004005,-0.023842,0.842870
733,1788745198.197523,-0.073300,0.000000,0.219900,0.000000,0.000000,0.000000,1.000000,0.050546,-0.024223,0.013161,-0.903524,0.004005,-0.023842,0.844397
734,1788745198.199696,-0.073400,0.000000,0.220200,0.000000,0.000000,0.000000,1.000000,0.050164,-0.024223,0.013161,-0.904669,0.004005,-0.023842,0.845922
735,1788745198.201855,-0.073500,0.000000,0.220500,0.000000,0.000000,0.000000,1.000000,0.050164,-0.024223,0.013161,-0.905432,0.004005,-0.023842,0.846685
736,1788745198.204019,-0.073600,0.000000,0.220800,0.000000,0.000000,0.000000,1.000000,0.049783,-0.024223,0.013161,-0.906577,0.004005,-0.023842,0.848593
737,1788745198.206159,-0.073700,0.000000,0.221100,0.000000,0.000000,0.000000,1.000000,0.049020,-0.024223,0.013161,-0.907340,0.004005,-0.023842,0.850119
738,1788745198.208347,-0.073800,0.000000,0.221400,0.000000,0.000000,0.000000,1.000000,0.049020,-0.024223,0.013161,-0.908103,0.004005,-0.023842,0.850882
739,1788745198.210655,-0.073900,0.000000,0.221700,0.000000,0.000000,0.000000,1.000000,0.048257,-0.024223,0.013161,-0.909629,0.004005,-0.023842,0.852789
740,1788745198.212947,-0.074000,0.000000,0.222000,0.000000,0.000000,0.000000,1.000000,0.047875,-0.024223,0.013161,-0.911155,0.004005,-0.023842,0.855459
741,1788745198.215115,-0.074100,0.000000,0.222300,0.000000,0.000000,0.000000,1.000000,0.047112,-0.024223,0.013161,-0.912299,0.004005,-0.023842,0.856985
742,1788745198.217266,-0.074200,0.000000,0.222600,0.000000,0.000000,0.000000,1.000000,0.046731,-0.024223,0.013161,-0.913062,0.004005,-0.023842,0.858130
743,1788745198.219399,-0.074300,0.000000,0.222900,0.000000,0.000000,0.000000,1.000000,0.046350,-0.024223,0.013161,-0.914207,0.004005,-0.023842,0.859655
744,1788745198.221530,-0.074400,0.000000,0.223200,0.000000,0.000000,0.000000,1.000000,0.045968,-0.024223,0.013161,-0.915351,0.004005,-0.023842,0.861181
745,1788745198.223721,-0.074500,0.000000,0.223500,0.000000,0.000000,0.000000,1.000000,0.045587,-0.024223,0.013161,-0.915732,0.004005,-0.023842,0.861944
746,1788745198.225872,-0.074600,0.000000,0.223800,0.000000,0.000000,0.000000,1.000000,0.045205,-0.024223,0.013161,-0.916877,0.004005,-0.023842,0.863470
747,1788745198.228051,-0.074700,0.000000,0.224100,0.000000,0.000000,0.000000,1.000000,0.044442,-0.024223,0.013542,-0.918021,0.004005,-0.024223,0.864996
748,1788745198.230213,-0.074800,0.000000,0.224400,0.000000,0.000000,0.000000,1.000000,0.044442,-0.024223,0.013161,-0.918784,0.004005,-0.023842,0.866140
749,1788745198.232376,-0.074900,0.000000,0.224700,0.000000,0.000000,0.000000,1.000000,0.044061,-0.024223,0.013161,-0.919547,0.004005,-0.024223,0.867666
750,1788745198.234519,-0.075000,0.000000,0.225000,0.000000,0.000000,0.000000,1.000000,0.043679,-0.024223,0.013542,-0.920310,0.004005,-0.024223,0.868811
751,1788745198.236719,-0.075100,0.000000,0.225300,0.000000,0.000000,0.000000,1.000000,0.043298,-0.024223,0.013542,-0.921454,0.004005,-0.024223,0.870337
752,1788745198.238935,-0.075200,0.000000,0.225600,0.000000,0.000000,0.000000,1.000000,0.042153,-0.024223,0.013161,-0.923362,0.004005,-0.024605,0.873007
753,1788745198.241088,-0.075300,0.000000,0.225900,0.000000,0.000000,0.000000,1.000000,0.041772,-0.024223,0.013542,-0.924506,0.004005,-0.024605,0.874914
754,1788745198.243254,-0.075400,0.000000,0.226200,0.000000,0.000000,0.000000,1.000000,0.041009,-0.024223,0.013542,-0.925651,0.004005,-0.024986,0.876440
755,1788745198.245440,-0.075500,0.000000,0.226500,0.000000,0.000000,0.000000,1.000000,0.040627,-0.024223,0.013542,-0.926032,0.004005,-0.024986,0.877584
756,1788745198.247619,-0.075600,0.000000,0.226800,0.000000,0.000000,0.000000,1.000000,0.040246,-0.024223,0.013542,-0.927176,0.004005,-0.025368,0.879492
757,1788745198.249790,-0.075700,0.000000,0.227100,0.000000,0.000000,0.000000,1.000000,0.039483,-0.024605,0.013542,-0.928321,0.004005,-0.025749,0.881018
758,1788745198.251938,-0.075800,0.000000,0.227400,0.000000,0.000000,0.000000,1.000000,0.039102,-0.024605,0.013542,-0.929084,0.004005,-0.025749,0.882162
759,1788745198.254108,-0.075900,0.000000,0.227700,0.000000,0.000000,0.000000,1.000000,0.038720,-0.024605,0.013542,-0.930228,0.004005,-0.026131,0.883688
760,1788745198.256291,-0.076000,0.000000,0.228000,0.000000,0.000000,0.000000,1.000000,0.037957,-0.024605,0.013542,-0.930991,0.004005,-0.026131,0.885214
761,1788745198.258446,-0.076100,0.000000,0.228300,0.000000,0.000000,0.000000,1.000000,0.037957,-0.024605,0.013542,-0.931754,0.004005,-0.026131,0.885977
762,1788745198.260631,-0.076200,0.000000,0.228600,0.000000,0.000000,0.000000,1.000000,0.037576,-0.024605,0.013542,-0.932517,0.004005,-0.026512,0.887121
763,1788745198.262827,-0.076300,0.000000,0.228900,0.000000,0.000000,0.000000,1.000000,0.037194,-0.024605,0.013542,-0.933661,0.004005,-0.026512,0.888266
764,1788745198.265068,-0.076400,0.000000,0.229200,0.000000,0.000000,0.000000,1.000000,0.036431,-0.024605,0.013542,-0.935187,0.004005,-0.026512,0.890173
765,1788745198.267380,-0.076500,0.000000,0.229500,0.000000,0.000000,0.000000,1.000000,0.035668,-0.024605,0.013542,-0.936332,0.004005,-0.026512,0.891317
766,1788745198.269961,-0.076600,0.000000,0.229800,0.000000,0.000000,0.000000,1.000000,0.035287,-0.024605,0.013542,-0.937095,0.004005,-0.026512,0.892080
767,1788745198.272111,-0.076700,0.000000,0.230100,0.000000,0.000000,0.000000,1.000000,0.034905,-0.024605,0.013542,-0.937858,0.004005,-0.026512,0.893225
768,1788745198.274281,-0.076800,0.000000,0.230400,0.000000,0.000000,0.000000,1.000000,0.034524,-0.024605,0.013542,-0.939002,0.004005,-0.026512,0.894751
769,1788745198.276463,-0.076900,0.000000,0.230700,0.000000,0.000000,0.000000,1.000000,0.034142,-0.024986,0.013542,-0.939384,0.004005,-0.026512,0.895514
770,1788745198.278634,-0.077000,0.000000,0.231000,0.000000,0.000000,0.000000,1.000000,0.033380,-0.024986,0.013542,-0.940528,0.004005,-0.026512,0.897421
771,1788745198.280851,-0.077100,0.000000,0.231300,0.000000,0.000000,0.000000,1.000000,0.032998,-0.024986,0.013542,-0.940528,0.004005,-0.026512,0.898947
772,1788745198.283052,-0.077200,0.000000,0.231600,0.000000,0.000000,0.000000,1.000000,0.032235,-0.024986,0.013542,-0.941291,0.004005,-0.026512,0.901999
773,1788745198.285267,-0.077300,0.000000,0.231900,0.000000,0.000000,0.000000,1.000000,0.031472,-0.024986,0.013542,-0.944343,0.004005,-0.026512,0.903906
774,1788745198.287558,-0.077400,0.000000,0.232200,0.000000,0.000000,0.000000,1.000000,0.031472,-0.024986,0.013542,-0.945106,0.004005,-0.026512,0.905432
775,1788745198.289823,-0.077500,0.000000,0.232500,0.000000,0.000000,0.000000,1.000000,0.031090,-0.024986,0.013542,-0.946250,0.004005,-0.026894,0.907340
776,1788745198.292063,-0.077600,0.000000,0.232800,0.000000,0.000000,0.000000,1.000000,0.030708,-0.024986,0.013542,-0.947013,0.004005,-0.026512,0.908484
777,1788745198.294243,-0.077700,0.000000,0.233100,0.000000,0.000000,0.000000,1.000000,0.029945,-0.024986,0.013542,-0.948157,0.004005,-0.026512,0.910392
778,1788745198.296411,-0.077800,0.000000,0.233400,0.000000,0.000000,0.000000,1.000000,0.029564,-0.024986,0.013542,-0.948157,0.004005,-0.026512,0.911918
779,1788745198.298590,-0.077900,0.000000,0.233700,0.000000,0.000000,0.000000,1.000000,0.028801,-0.025368,0.013542,-0.950065,0.004005,-0.026894,0.913062
780,1788745198.300750,-0.078000,0.000000,0.234000,0.000000,0.000000,0.000000,1.000000,0.028419,-0.025368,0.013542,-0.950828,0.004005,-0.026512,0.914588
781,1788745198.302919,-0.078100,0.000000,0.234300,0.000000,0.000000,0.000000,1.000000,0.027657,-0.025368,0.013542,-0.952353,0.004005,-0.026894,0.916877
782,1788745198.305090,-0.078200,0.000000,0.234600,0.000000,0.000000,0.000000,1.000000,0.026894,-0.025368,0.013542,-0.953498,0.004005,-0.026894,0.918403
783,1788745198.307260,-0.078300,0.000000,0.234900,0.000000,0.000000,0.000000,1.000000,0.026512,-0.025368,0.013542,-0.954261,0.004005,-0.026894,0.919547
784,1788745198.309410,-0.078400,0.000000,0.235200,0.000000,0.000000,0.000000,1.000000,0.025749,-0.025368,0.013542,-0.955405,0.004005,-0.026894,0.920691
785,1788745198.311548,-0.078500,0.000000,0.235500,0.000000,0.000000,0.000000,1.000000,0.025368,-0.025368,0.013542,-0.956550,0.004005,-0.026894,0.922217
786,1788745198.313783,-0.078600,0.000000,0.235800,0.000000,0.000000,0.000000,1.000000,0.024986,-0.025368,0.013542,-0.957313,0.004005,-0.026894,0.923362
787,1788745198.315955,-0.078700,0.000000,0.236100,0.000000,0.000000,0.000000,1.000000,0.024605,-0.025749,0.013542,-0.958076,0.004005,-0.026894,0.924888
788,1788745198.318083,-0.078800,0.000000,0.236400,0.000000,0.000000,0.000000,1.000000,0.024223,-0.025749,0.013542,-0.958838,0.004005,-0.026894,0.926032
789,1788745198.320236,-0.078900,0.000000,0.236700,0.000000,0.000000,0.000000,1.000000,0.023460,-0.025749,0.013542,-0.959983,0.004005,-0.026894,0.927558
790,1788745198.322381,-0.079000,0.000000,0.237000,0.000000,0.000000,0.000000,1.000000,0.023079,-0.025749,0.013542,-0.961127,0.004005,-0.026894,0.929084
791,1788745198.324582,-0.079100,0.000000,0.237300,0.000000,0.000000,0.000000,1.000000,0.022697,-0.025749,0.013542,-0.961127,0.004005,-0.026894,0.930228
792,1788745198.326758,-0.079200,0.000000,0.237600,0.000000,0.000000,0.000000,1.000000,0.022316,-0.025749,0.013542,-0.963035,0.004005,-0.026894,0.931754
793,1788745198.328943,-0.079300,0.000000,0.237900,0.000000,0.000000,0.000000,1.000000,0.021553,-0.025749,0.013542,-0.964561,0.004005,-0.026894,0.933661
794,1788745198.331089,-0.079400,0.000000,0.238200,0.000000,0.000000,0.000000,1.000000,0.020790,-0.025749,0.013542,-0.965705,0.004005,-0.026894,0.935569
795,1788745198.333234,-0.079500,0.000000,0.238500,0.000000,0.000000,0.000000,1.000000,0.020409,-0.025749,0.013542,-0.966849,0.004005,-0.026894,0.936713
796,1788745198.335400,-0.079600,0.000000,0.238800,0.000000,0.000000,0.000000,1.000000,0.020027,-0.025749,0.013542,-0.967231,0.004005,-0.026894,0.937858
797,1788745198.337538,-0.079700,0.000000,0.239100,0.000000,0.000000,0.000000,1.000000,0.019264,-0.025749,0.013542,-0.968758,0.004005,-0.026894,0.939384
798,1788745198.339661,-0.079800,0.000000,0.239400,0.000000,0.000000,0.000000,1.000000,0.018883,-0.025749,0.013542,-0.969139,0.004005,-0.026894,0.940146
799,1788745198.341787,-0.079900,0.000000,0.239700,0.000000,0.000000,0.000000,1.000000,0.018501,-0.025749,0.013542,-0.970284,0.004005,-0.026894,0.941672
800,1788745198.343925,-0.080000,0.000000,0.240000,0.000000,0.000000,0.000000,1.000000,0.017738,-0.025749,0.013542,-0.971428,0.004005,-0.026894,0.943580
801,1788745198.346057,-0.080100,0.000000,0.240300,0.000000,0.000000,0.000000,1.000000,0.016975,-0.025749,0.013542,-0.972572,0.004005,-0.026894,0.945106
802,1788745198.348211,-0.080200,0.000000,0.240600,0.000000,0.000000,0.000000,1.000000,0.016975,-0.025749,0.013542,-0.972954,0.004005,-0.027275,0.946250
803,1788745198.350337,-0.080300,0.000000,0.240900,0.000000,0.000000,0.000000,1.000000,0.016212,-0.026131,0.013542,-0.974480,0.004005,-0.027275,0.947776
804,1788745198.352459,-0.080400,0.000000,0.241200,0.000000,0.000000,0.000000,1.000000,0.015831,-0.026131,0.013542,-0.975243,0.004005,-0.027275,0.949302
805,1788745198.354578,-0.080500,0.000000,0.241500,0.000000,0.000000,0.000000,1.000000,0.015450,-0.026131,0.013542,-0.976387,0.004005,-0.026894,0.950828
806,1788745198.356736,-0.080600,0.000000,0.241800,0.000000,0.000000,0.000000,1.000000,0.014687,-0.026131,0.013542,-0.977531,0.004005,-0.027275,0.952735
807,1788745198.358936,-0.080700,0.000000,0.242100,0.000000,0.000000,0.000000,1.000000,0.013542,-0.026131,0.013542,-0.979057,0.004005,-0.027275,0.955405
808,1788745198.361269,-0.080800,0.000000,0.242400,0.000000,0.000000,0.000000,1.000000,0.013161,-0.026131,0.013542,-0.980202,0.004005,-0.027275,0.956931
809,1788745198.363627,-0.080900,0.000000,0.242700,0.000000,0.000000,0.000000,1.000000,0.012779,-0.026131,0.013542,-0.980965,0.004005,-0.027275,0.958076
810,1788745198.365895,-0.081000,0.000000,0.243000,0.000000,0.000000,0.000000,1.000000,0.012016,-0.026131,0.013542,-0.981728,0.004005,-0.027275,0.959601
811,1788745198.368061,-0.081100,0.000000,0.243300,0.000000,0.000000,0.000000,1.000000,0.011253,-0.026131,0.013542,-0.982872,0.004005,-0.027275,0.961127
812,1788745198.370204,-0.081200,0.000000,0.243600,0.000000,0.000000,0.000000,1.000000,0.010872,-0.026131,0.013542,-0.983253,0.004005,-0.027275,0.961890
813,1788745198.372350,-0.081300,0.000000,0.243900,0.000000,0.000000,0.000000,1.000000,0.010109,-0.026131,0.013542,-0.984398,0.004005,-0.027275,0.963035
814,1788745198.374508,-0.081400,0.000000,0.244200,0.000000,0.000000,0.000000,1.000000,0.009727,-0.026131,0.013542,-0.984779,0.004005,-0.027657,0.963798
815,1788745198.376676,-0.081500,0.000000,0.244500,0.000000,0.000000,0.000000,1.000000,0.009346,-0.026131,0.013542,-0.985924,0.004005,-0.027275,0.965323
816,1788745198.378830,-0.081600,0.000000,0.244800,0.000000,0.000000,0.000000,1.000000,0.008965,-0.026131,0.013542,-0.986687,0.004005,-0.027657,0.966468
817,1788745198.380986,-0.081700,0.000000,0.245100,0.000000,0.000000,0.000000,1.000000,0.007820,-0.026512,0.013542,-0.988594,0.004005,-0.027657,0.968758
818,1788745198.383179,-0.081800,0.000000,0.245400,0.000000,0.000000,0.000000,1.000000,0.007439,-0.026512,0.013542,-0.988976,0.004005,-0.027657,0.969902
819,1788745198.385349,-0.081900,0.000000,0.245700,0.000000,0.000000,0.000000,1.000000,0.006676,-0.026512,0.013542,-0.990120,0.004005,-0.027657,0.971046
820,1788745198.387517,-0.082000,0.000000,0.246000,0.000000,0.000000,0.000000,1.000000,0.005913,-0.026512,0.013542,-0.990883,0.004005,-0.027657,0.972954
821,1788745198.389721,-0.082100,0.000000,0.246300,0.000000,0.000000,0.000000,1.000000,0.005531,-0.026512,0.013542,-0.991646,0.004005,-0.027657,0.974098
822,1788745198.391882,-0.082200,0.000000,0.246600,0.000000,0.000000,0.000000,1.000000,0.004768,-0.026512,0.013542,-0.992409,0.004005,-0.027657,0.975624
823,1788745198.394058,-0.082300,0.000000,0.246900,0.000000,0.000000,0.000000,1.000000,0.004005,-0.026512,0.013542,-0.993553,0.004005,-0.027657,0.977531
824,1788745198.396228,-0.082400,0.000000,0.247200,0.000000,0.000000,0.000000,1.000000,0.003624,-0.026512,0.013542,-0.994316,0.004005,-0.028038,0.978676
825,1788745198.398394,-0.082500,0.000000,0.247500,0.000000,0.000000,0.000000,1.000000,0.002861,-0.026512,0.013542,-0.995461,0.004005,-0.028038,0.980583
826,1788745198.400549,-0.082600,0.000000,0.247800,0.000000,0.000000,0.000000,1.000000,0.002480,-0.026512,0.013542,-0.995842,0.004005,-0.028038,0.982109
827,1788745198.402698,-0.082700,0.000000,0.248100,0.000000,0.000000,0.000000,1.000000,0.001717,-0.026512,0.013542,-0.996986,0.004005,-0.028038,0.984016
828,1788745198.404876,-0.082800,0.000000,0.248400,0.000000,0.000000,0.000000,1.000000,0.000954,-0.026512,0.013542,-0.997749,0.004005,-0.028038,0.985542
829,1788745198.407049,-0.082900,0.000000,0.248700,0.000000,0.000000,0.000000,1.000000,-0.000191,-0.026512,0.013542,-0.998894,0.004005,-0.028801,0.988213
830,1788745198.409225,-0.083000,0.000000,0.249000,0.000000,0.000000,0.000000,1.000000,-0.000572,-0.026512,0.013542,-1.000038,0.004005,-0.028801,0.989357
831,1788745198.411373,-0.083100,0.000000,0.249300,0.000000,0.000000,0.000000,1.000000,-0.001335,-0.026512,0.013542,-1.000420,0.004005,-0.028801,0.989738
832,1788745198.413539,-0.083200,0.000000,0.249600,0.000000,0.000000,0.000000,1.000000,-0.002098,-0.026894,0.013542,-1.001564,0.004005,-0.029182,0.990501
833,1788745198.415712,-0.083300,0.000000,0.249900,0.000000,0.000000,0.000000,1.000000,-0.002480,-0.026894,0.013542,-1.002327,0.004005,-0.029564,0.991264
834,1788745198.417865,-0.083400,0.000000,0.250200,0.000000,0.000000,0.000000,1.000000,-0.003242,-0.026894,0.013542,-1.003090,0.004005,-0.029945,0.991646
835,1788745198.420020,-0.083500,0.000000,0.250500,0.000000,0.000000,0.000000,1.000000,-0.004005,-0.026894,0.013542,-1.003853,0.004005,-0.030327,0.992409
836,1788745198.422177,-0.083600,0.000000,0.250800,0.000000,0.000000,0.000000,1.000000,-0.004387,-0.026894,0.013542,-1.004234,0.004005,-0.030327,0.992409
837,1788745198.424344,-0.083700,0.000000,0.251100,0.000000,0.000000,0.000000,1.000000,-0.005150,-0.026894,0.013542,-1.004997,0.004005,-0.030708,0.993172
838,1788745198.426554,-0.083800,0.000000,0.251400,0.000000,0.000000,0.000000,1.000000,-0.005913,-0.026894,0.013542,-1.005379,0.004005,-0.030327,0.993935
839,1788745198.428721,-0.083900,0.000000,0.251700,0.000000,0.000000,0.000000,1.000000,-0.005913,-0.026894,0.013542,-1.006142,0.004005,-0.030327,0.993935
840,1788745198.430896,-0.084000,0.000000,0.252000,0.000000,0.000000,0.000000,1.000000,-0.006676,-0.027275,0.013542,-1.007668,0.004005,-0.030327,0.995079
841,1788745198.433067,-0.084100,0.000000,0.252300,0.000000,0.000000,0.000000,1.000000,-0.007439,-0.027275,0.013542,-1.008049,0.004005,-0.030327,0.995461
842,1788745198.435221,-0.084200,0.000000,0.252600,0.000000,0.000000,0.000000,1.000000,-0.008202,-0.027275,0.013542,-1.008812,0.004005,-0.030327,0.995842
843,1788745198.437397,-0.084300,0.000000,0.252900,0.000000,0.000000,0.000000,1.000000,-0.008965,-0.027275,0.013542,-1.009193,0.004005,-0.030327,0.996223
844,1788745198.439566,-0.084400,0.000000,0.253200,0.000000,0.000000,0.000000,1.000000,-0.009727,-0.027275,0.013542,-1.009956,0.004005,-0.030327,0.996605
845,1788745198.441730,-0.084500,0.000000,0.253500,0.000000,0.000000,0.000000,1.000000,-0.010109,-0.027275,0.013542,-1.011101,0.004005,-0.030708,0.996986
846,1788745198.443889,-0.084600,0.000000,0.253800,0.000000,0.000000,0.000000,1.000000,-0.010872,-0.027275,0.013542,-1.011482,0.004005,-0.030708,0.996986
847,1788745198.446068,-0.084700,0.000000,0.254100,0.000000,0.000000,0.000000,1.000000,-0.011253,-0.027275,0.013542,-1.012245,0.004005,-0.030708,0.997368
848,1788745198.448291,-0.084800,0.000000,0.254400,0.000000,0.000000,0.000000,1.000000,-0.012016,-0.027657,0.013542,-1.013390,0.004005,-0.030708,0.997749
849,1788745198.450441,-0.084900,0.000000,0.254700,0.000000,0.000000,0.000000,1.000000,-0.012398,-0.027657,0.013542,-1.013771,0.004005,-0.030708,0.997749
850,1788745198.452580,-0.085000,0.000000,0.255000,0.000000,0.000000,0.000000,1.000000,-0.013161,-0.027657,0.013542,-1.014534,0.004005,-0.030708,0.998131
851,1788745198.454734,-0.085100,0.000000,0.255300,0.000000,0.000000,0.000000,1.000000,-0.013924,-0.027657,0.013542,-1.015678,0.004005,-0.030708,0.998512
852,1788745198.456901,-0.085200,0.000000,0.255600,0.000000,0.000000,0.000000,1.000000,-0.015068,-0.027657,0.013542,-1.016823,0.004005,-0.030708,0.998894
853,1788745198.459062,-0.085300,0.000000,0.255900,0.000000,0.000000,0.000000,1.000000,-0.015450,-0.028038,0.013542,-1.017204,0.004005,-0.030708,0.998894
854,1788745198.461210,-0.085400,0.000000,0.256200,0.000000,0.000000,0.000000,1.000000,-0.015831,-0.028038,0.013542,-1.017967,0.004005,-0.030708,0.998894
855,1788745198.463340,-0.085500,0.000000,0.256500,0.000000,0.000000,0.000000,1.000000,-0.016594,-0.028038,0.013542,-1.019112,0.004005,-0.030708,0.998894
856,1788745198.465504,-0.085600,0.000000,0.256800,0.000000,0.000000,0.000000,1.000000,-0.016975,-0.028419,0.013542,-1.019112,0.004005,-0.030708,0.998894
857,1788745198.467663,-0.085700,0.000000,0.257100,0.000000,0.000000,0.000000,1.000000,-0.017738,-0.028419,0.013542,-1.020638,0.004005,-0.030708,0.998894
858,1788745198.469834,-0.085800,0.000000,0.257400,0.000000,0.000000,0.000000,1.000000,-0.018501,-0.028419,0.013542,-1.021400,0.004005,-0.031090,0.998894
859,1788745198.472042,-0.085900,0.000000,0.257700,0.000000,0.000000,0.000000,1.000000,-0.018883,-0.028801,0.013542,-1.022163,0.004005,-0.030708,0.998894
860,1788745198.474238,-0.086000,0.000000,0.258000,0.000000,0.000000,0.000000,1.000000,-0.019264,-0.028801,0.013542,-1.022926,0.004005,-0.031090,0.998894
861,1788745198.476404,-0.086100,0.000000,0.258300,0.000000,0.000000,0.000000,1.000000,-0.020027,-0.028801,0.013924,-1.023308,0.004005,-0.031090,0.999275
862,1788745198.478566,-0.086200,0.000000,0.258600,0.000000,0.000000,0.000000,1.000000,-0.020790,-0.029182,0.013924,-1.024071,0.004005,-0.031090,0.999275
863,1788745198.480736,-0.086300,0.000000,0.258900,0.000000,0.000000,0.000000,1.000000,-0.021553,-0.029182,0.013924,-1.024834,0.004005,-0.031090,0.999275
864,1788745198.482901,-0.086400,0.000000,0.259200,0.000000,0.000000,0.000000,1.000000,-0.022316,-0.029564,0.013924,-1.026741,0.004005,-0.031090,0.999275
865,1788745198.485081,-0.086500,0.000000,0.259500,0.000000,0.000000,0.000000,1.000000,-0.023079,-0.029945,0.013924,-1.027885,0.004005,-0.031090,0.999275
866,1788745198.487393,-0.086600,0.000000,0.259800,0.000000,0.000000,0.000000,1.000000,-0.023460,-0.029945,0.013924,-1.028267,0.004005,-0.031090,0.999275
867,1788745198.489669,-0.086700,0.000000,0.260100,0.000000,0.000000,0.000000,1.000000,-0.024223,-0.029945,0.013924,-1.029411,0.004005,-0.031090,0.999275
868,1788745198.491940,-0.086800,0.000000,0.260400,0.000000,0.000000,0.000000,1.000000,-0.024605,-0.030327,0.013924,-1.029793,0.004005,-0.031090,0.999657
869,1788745198.494171,-0.086900,0.000000,0.260700,0.000000,0.000000,0.000000,1.000000,-0.025368,-0.030327,0.013924,-1.030556,0.004005,-0.031090,0.999657
870,1788745198.496447,-0.087000,0.000000,0.261000,0.000000,0.000000,0.000000,1.000000,-0.025749,-0.030708,0.013924,-1.031701,0.003624,-0.031472,0.999275
871,1788745198.498723,-0.087100,0.000000,0.261300,0.000000,0.000000,0.000000,1.000000,-0.026512,-0.030708,0.013924,-1.032083,0.004005,-0.031472,0.999657
872,1788745198.501000,-0.087200,0.000000,0.261600,0.000000,0.000000,0.000000,1.000000,-0.027657,-0.031472,0.014305,-1.034371,0.004005,-0.031854,0.999275
873,1788745198.503295,-0.087300,0.000000,0.261900,0.000000,0.000000,0.000000,1.000000,-0.028038,-0.031472,0.014305,-1.035134,0.004005,-0.031472,0.999275
874,1788745198.505466,-0.087400,0.000000,0.262200,0.000000,0.000000,0.000000,1.000000,-0.028419,-0.031854,0.014305,-1.035897,0.004005,-0.031854,0.999275
875,1788745198.507634,-0.087500,0.000000,0.262500,0.000000,0.000000,0.000000,1.000000,-0.028801,-0.031854,0.014305,-1.036660,0.004005,-0.031854,0.999275
876,1788745198.509785,-0.087600,0.000000,0.262800,0.000000,0.000000,0.000000,1.000000,-0.029564,-0.032235,0.014305,-1.037423,0.004005,-0.031854,0.999275
877,1788745198.511938,-0.087700,0.000000,0.263100,0.000000,0.000000,0.000000,1.000000,-0.030327,-0.032617,0.014305,-1.038568,0.004005,-0.032235,0.999657
878,1788745198.514128,-0.087800,0.000000,0.263400,0.000000,0.000000,0.000000,1.000000,-0.030708,-0.032617,0.014305,-1.039330,0.004005,-0.032235,0.999275
879,1788745198.516317,-0.087900,0.000000,0.263700,0.000000,0.000000,0.000000,1.000000,-0.031472,-0.032998,0.014305,-1.040475,0.004005,-0.032235,0.999275
880,1788745198.518493,-0.088000,0.000000,0.264000,0.000000,0.000000,0.000000,1.000000,-0.031854,-0.033380,0.014305,-1.041619,0.004005,-0.032235,0.999275
881,1788745198.520644,-0.088100,0.000000,0.264300,0.000000,0.000000,0.000000,1.000000,-0.032235,-0.033380,0.014305,-1.042001,0.004005,-0.032617,0.999275
882,1788745198.522789,-0.088200,0.000000,0.264600,0.000000,0.000000,0.000000,1.000000,-0.032998,-0.033761,0.014305,-1.043145,0.004005,-0.032617,0.999275
883,1788745198.524976,-0.088300,0.000000,0.264900,0.000000,0.000000,0.000000,1.000000,-0.033761,-0.034142,0.014305,-1.044290,0.004005,-0.033380,0.999275
884,1788745198.527148,-0.088400,0.000000,0.265200,0.000000,0.000000,0.000000,1.000000,-0.034524,-0.034142,0.014305,-1.045434,0.004005,-0.034142,0.999275
885,1788745198.529321,-0.088500,0.000000,0.265500,0.000000,0.000000,0.000000,1.000000,-0.034905,-0.034524,0.014305,-1.046578,0.004005,-0.034142,0.999275
886,1788745198.531502,-0.088600,0.000000,0.265800,0.000000,0.000000,0.000000,1.000000,-0.035287,-0.034524,0.014305,-1.046960,0.004005,-0.034524,0.999275
887,1788745198.533702,-0.088700,0.000000,0.266100,0.000000,0.000000,0.000000,1.000000,-0.036050,-0.034905,0.014305,-1.048104,0.004005,-0.034524,0.998894
888,1788745198.535852,-0.088800,0.000000,0.266400,0.000000,0.000000,0.000000,1.000000,-0.036431,-0.034905,0.014305,-1.048486,0.004005,-0.034905,0.998894
889,1788745198.538018,-0.088900,0.000000,0.266700,0.000000,0.000000,0.000000,1.000000,-0.036813,-0.035287,0.014305,-1.049249,0.004005,-0.034905,0.998894
890,1788745198.540197,-0.089000,0.000000,0.267000,0.000000,0.000000,0.000000,1.000000,-0.037194,-0.035287,0.014305,-1.050012,0.003624,-0.034905,0.998894
891,1788745198.542385,-0.089100,0.000000,0.267300,0.000000,0.000000,0.000000,1.000000,-0.037576,-0.035668,0.014305,-1.050775,0.004005,-0.034905,0.998894
892,1788745198.544543,-0.089200,0.000000,0.267600,0.000000,0.000000,0.000000,1.000000,-0.037957,-0.035668,0.014305,-1.051538,0.003624,-0.034905,0.998894
893,1788745198.546711,-0.089300,0.000000,0.267900,0.000000,0.000000,0.000000,1.000000,-0.038339,-0.035668,0.014305,-1.052300,0.004005,-0.034905,0.998512
894,1788745198.548866,-0.089400,0.000000,0.268200,0.000000,0.000000,0.000000,1.000000,-0.039102,-0.036050,0.014305,-1.053063,0.004005,-0.034905,0.998512
895,1788745198.551028,-0.089500,0.000000,0.268500,0.000000,0.000000,0.000000,1.000000,-0.039865,-0.036431,0.014305,-1.054589,0.004005,-0.034905,0.998512
896,1788745198.553182,-0.089600,0.000000,0.268800,0.000000,0.000000,0.000000,1.000000,-0.040246,-0.036431,0.014305,-1.055352,0.004005,-0.034905,0.998512
897,1788745198.555350,-0.089700,0.000000,0.269100,0.000000,0.000000,0.000000,1.000000,-0.040627,-0.036813,0.014305,-1.056115,0.004005,-0.034905,0.998894
898,1788745198.557527,-0.089800,0.000000,0.269400,0.000000,0.000000,0.000000,1.000000,-0.041009,-0.036813,0.014305,-1.056497,0.004005,-0.034905,0.998894
899,1788745198.559698,-0.089900,0.000000,0.269700,0.000000,0.000000,0.000000,1.000000,-0.041390,-0.037194,0.014305,-1.057260,0.003624,-0.035287,0.998894
900,1788745198.561862,-0.090000,0.000000,0.270000,0.000000,0.000000,0.000000,1.000000,-0.041772,-0.037194,0.014305,-1.057641,0.003624,-0.035287,0.998894
901,1788745198.564051,-0.090100,0.000000,0.270300,0.000000,0.000000,0.000000,1.000000,-0.041772,-0.037194,0.014305,-1.058404,0.004005,-0.035287,0.998512
902,1788745198.566228,-0.090200,0.000000,0.270600,0.000000,0.000000,0.000000,1.000000,-0.042153,-0.037194,0.014305,-1.059167,0.004005,-0.035287,0.998131
903,1788745198.568392,-0.090300,0.000000,0.270900,0.000000,0.000000,0.000000,1.000000,-0.042535,-0.037576,0.014305,-1.059930,0.004005,-0.035668,0.998131
904,1788745198.570592,-0.090400,0.000000,0.271200,0.000000,0.000000,0.000000,1.000000,-0.042916,-0.037576,0.014305,-1.060693,0.004005,-0.035668,0.998131
905,1788745198.572789,-0.090500,0.000000,0.271500,0.000000,0.000000,0.000000,1.000000,-0.042916,-0.037576,0.014305,-1.061074,0.004005,-0.035668,0.998131
906,1788745198.575021,-0.090600,0.000000,0.271800,0.000000,0.000000,0.000000,1.000000,-0.043298,-0.037576,0.014305,-1.061837,0.004005,-0.036431,0.998512
907,1788745198.577218,-0.090700,0.000000,0.272100,0.000000,0.000000,0.000000,1.000000,-0.043679,-0.037576,0.014305,-1.062219,0.004005,-0.036813,0.998512
908,1788745198.579399,-0.090800,0.000000,0.272400,0.000000,0.000000,0.000000,1.000000,-0.044061,-0.037957,0.014305,-1.062982,0.004005,-0.036813,0.998512
909,1788745198.581550,-0.090900,0.000000,0.272700,0.000000,0.000000,0.000000,1.000000,-0.044061,-0.037957,0.014305,-1.063363,0.004005,-0.037194,0.998512
910,1788745198.583764,-0.091000,0.000000,0.273000,0.000000,0.000000,0.000000,1.000000,-0.044442,-0.037957,0.014305,-1.063745,0.004005,-0.037576,0.998131
911,1788745198.585940,-0.091100,0.000000,0.273300,0.000000,0.000000,0.000000,1.000000,-0.044824,-0.037957,0.014305,-1.064126,0.004005,-0.037576,0.998131
912,1788745198.588095,-0.091200,0.000000,0.273600,0.000000,0.000000,0.000000,1.000000,-0.044824,-0.037957,0.014305,-1.064889,0.004005,-0.037957,0.998131
913,1788745198.590267,-0.091300,0.000000,0.273900,0.000000,0.000000,0.000000,1.000000,-0.045205,-0.037957,0.014305,-1.065270,0.004005,-0.037957,0.998131
914,1788745198.592497,-0.091400,0.000000,0.274200,0.000000,0.000000,0.000000,1.000000,-0.045587,-0.037957,0.014305,-1.066033,0.004005,-0.037957,0.998131
915,1788745198.594697,-0.091500,0.000000,0.274500,0.000000,0.000000,0.000000,1.000000,-0.045587,-0.037957,0.014305,-1.066415,0.004005,-0.038339,0.998512
916,1788745198.596880,-0.091600,0.000000,0.274800,0.000000,0.000000,0.000000,1.000000,-0.045968,-0.037957,0.014305,-1.067559,0.004005,-0.037957,0.998894
917,1788745198.599062,-0.091700,0.000000,0.275100,0.000000,0.000000,0.000000,1.000000,-0.046350,-0.037957,0.014305,-1.067559,0.004005,-0.037957,0.998894
918,1788745198.601246,-0.091800,0.000000,0.275400,0.000000,0.000000,0.000000,1.000000,-0.046731,-0.037957,0.014305,-1.067941,0.004005,-0.037957,0.998894
919,1788745198.603454,-0.091900,0.000000,0.275700,0.000000,0.000000,0.000000,1.000000,-0.046731,-0.037957,0.014305,-1.068322,0.004005,-0.037957,0.999275
920,1788745198.605619,-0.092000,0.000000,0.276000,0.000000,0.000000,0.000000,1.000000,-0.047112,-0.037957,0.014305,-1.068322,0.004005,-0.037957,0.998894
921,1788745198.607788,-0.092100,0.000000,0.276300,0.000000,0.000000,0.000000,1.000000,-0.047112,-0.037957,0.014305,-1.068704,0.004005,-0.037957,0.998894
922,1788745198.609962,-0.092200,0.000000,0.276600,0.000000,0.000000,0.000000,1.000000,-0.047494,-0.037957,0.014305,-1.069085,0.004005,-0.037957,0.998512
923,1788745198.612092,-0.092300,0.000000,0.276900,0.000000,0.000000,0.000000,1.000000,-0.047494,-0.037957,0.014305,-1.069085,0.004005,-0.037957,0.998512
924,1788745198.614300,-0.092400,0.000000,0.277200,0.000000,0.000000,0.000000,1.000000,-0.047494,-0.037576,0.014305,-1.069467,0.004005,-0.038339,0.998131
925,1788745198.616478,-0.092500,0.000000,0.277500,0.000000,0.000000,0.000000,1.000000,-0.047875,-0.037576,0.014305,-1.069467,0.004005,-0.038339,0.998131
926,1788745198.618639,-0.092600,0.000000,0.277800,0.000000,0.000000,0.000000,1.000000,-0.047875,-0.037576,0.014305,-1.069467,0.004005,-0.038720,0.998131
927,1788745198.620807,-0.092700,0.000000,0.278100,0.000000,0.000000,0.000000,1.000000,-0.047875,-0.037576,0.014305,-1.069848,0.004005,-0.038720,0.998512
928,1788745198.622969,-0.092800,0.000000,0.278400,0.000000,0.000000,0.000000,1.000000,-0.048257,-0.037576,0.014305,-1.071374,0.004005,-0.038720,0.998894
929,1788745198.625196,-0.092900,0.000000,0.278700,0.000000,0.000000,0.000000,1.000000,-0.048257,-0.037576,0.014305,-1.072137,0.004005,-0.039102,0.999275
930,1788745198.627376,-0.093000,0.000000,0.279000,0.000000,0.000000,0.000000,1.000000,-0.048638,-0.037576,0.014305,-1.072137,0.004005,-0.039102,0.999275
931,1788745198.629524,-0.093100,0.000000,0.279300,0.000000,0.000000,0.000000,1.000000,-0.048638,-0.037576,0.014305,-1.072518,0.004005,-0.039102,0.999275
932,1788745198.631660,-0.093200,0.000000,0.279600,0.000000,0.000000,0.000000,1.000000,-0.048638,-0.037957,0.014305,-1.072900,0.004005,-0.039102,0.999657
933,1788745198.633815,-0.093300,0.000000,0.279900,0.000000,0.000000,0.000000,1.000000,-0.048638,-0.037957,0.014305,-1.072900,0.004005,-0.039102,0.999657
934,1788745198.635962,-0.093400,0.000000,0.280200,0.000000,0.000000,0.000000,1.000000,-0.048638,-0.037957,0.014305,-1.073281,0.004005,-0.039483,0.999657
935,1788745198.638128,-0.093500,0.000000,0.280500,0.000000,0.000000,0.000000,1.000000,-0.049020,-0.037957,0.014305,-1.073281,0.004005,-0.039483,0.999657
936,1788745198.640285,-0.093600,0.000000,0.280800,0.000000,0.000000,0.000000,1.000000,-0.049020,-0.037957,0.014305,-1.073663,0.004005,-0.039483,0.999657
937,1788745198.642437,-0.093700,0.000000,0.281100,0.000000,0.000000,0.000000,1.000000,-0.049020,-0.037957,0.014305,-1.073663,0.004005,-0.039483,0.999275
938,1788745198.644609,-0.093800,0.000000,0.281400,0.000000,0.000000,0.000000,1.000000,-0.049020,-0.037957,0.014305,-1.074044,0.004005,-0.039483,0.999275
939,1788745198.646828,-0.093900,0.000000,0.281700,0.000000,0.000000,0.000000,1.000000,-0.049020,-0.037957,0.014305,-1.074044,0.004005,-0.039483,0.999275
940,1788745198.649014,-0.094000,0.000000,0.282000,0.000000,0.000000,0.000000,1.000000,-0.049020,-0.037957,0.014305,-1.074426,0.004005,-0.040246,0.999275
941,1788745198.651219,-0.094100,0.000000,0.282300,0.000000,0.000000,0.000000,1.000000,-0.049020,-0.037957,0.014305,-1.074426,0.004005,-0.040246,0.999275
942,1788745198.653406,-0.094200,0.000000,0.282600,0.000000,0.000000,0.000000,1.000000,-0.049020,-0.038339,0.014305,-1.074426,0.004005,-0.040627,0.998894
943,1788745198.655568,-0.094300,0.000000,0.282900,0.000000,0.000000,0.000000,1.000000,-0.049020,-0.038339,0.014305,-1.074807,0.004005,-0.041009,0.998894
944,1788745198.657721,-0.094400,0.000000,0.283200,0.000000,0.000000,0.000000,1.000000,-0.049401,-0.038339,0.014305,-1.075189,0.004005,-0.041390,0.998894
945,1788745198.659884,-0.094500,0.000000,0.283500,0.000000,0.000000,0.000000,1.000000,-0.049401,-0.038339,0.014305,-1.075570,0.004387,-0.041390,0.998894
946,1788745198.662033,-0.094600,0.000000,0.283800,0.000000,0.000000,0.000000,1.000000,-0.049401,-0.038339,0.014305,-1.075570,0.004005,-0.041772,0.998894
947,1788745198.664187,-0.094700,0.000000,0.284100,0.000000,0.000000,0.000000,1.000000,-0.049401,-0.038339,0.014305,-1.075952,0.004005,-0.041772,0.999275
948,1788745198.666347,-0.094800,0.000000,0.284400,0.000000,0.000000,0.000000,1.000000,-0.049401,-0.038720,0.014305,-1.076333,0.004005,-0.041772,0.999275
949,1788745198.668502,-0.094900,0.000000,0.284700,0.000000,0.000000,0.000000,1.000000,-0.049401,-0.038720,0.014305,-1.076333,0.004005,-0.041772,0.999275
950,1788745198.670642,-0.095000,0.000000,0.285000,0.000000,0.000000,0.000000,1.000000,-0.049401,-0.038720,0.014305,-1.076715,0.004005,-0.041772,0.999657
951,1788745198.672780,-0.095100,0.000000,0.285300,0.000000,0.000000,0.000000,1.000000,-0.049783,-0.038720,0.014305,-1.076715,0.004005,-0.041772,0.999657
952,1788745198.674945,-0.095200,0.000000,0.285600,0.000000,0.000000,0.000000,1.000000,-0.049783,-0.038720,0.014305,-1.077477,0.004387,-0.041772,1.000038
953,1788745198.677192,-0.095300,0.000000,0.285900,0.000000,0.000000,0.000000,1.000000,-0.049783,-0.038720,0.014305,-1.077859,0.004387,-0.041772,1.000038
954,1788745198.679354,-0.095400,0.000000,0.286200,0.000000,0.000000,0.000000,1.000000,-0.049783,-0.038720,0.014305,-1.077859,0.004387,-0.041772,1.000038
955,1788745198.681496,-0.095500,0.000000,0.286500,0.000000,0.000000,0.000000,1.000000,-0.050164,-0.038720,0.014305,-1.078240,0.004387,-0.041772,1.000038
956,1788745198.683645,-0.095600,0.000000,0.286800,0.000000,0.000000,0.000000,1.000000,-0.050164,-0.038720,0.014305,-1.078240,0.004387,-0.041772,1.000420
957,1788745198.685801,-0.095700,0.000000,0.287100,0.000000,0.000000,0.000000,1.000000,-0.050164,-0.038720,0.014305,-1.078240,0.004387,-0.041772,1.000420
958,1788745198.688231,-0.095800,0.000000,0.287400,0.000000,0.000000,0.000000,1.000000,-0.050164,-0.038720,0.014305,-1.078622,0.004387,-0.042153,1.000801
959,1788745198.690510,-0.095900,0.000000,0.287700,0.000000,0.000000,0.000000,1.000000,-0.050164,-0.039102,0.014305,-1.079003,0.004387,-0.042153,1.001183
960,1788745198.692770,-0.096000,0.000000,0.288000,0.000000,0.000000,0.000000,1.000000,-0.050546,-0.039102,0.014305,-1.079385,0.004387,-0.042153,1.001183
961,1788745198.694938,-0.096100,0.000000,0.288300,0.000000,0.000000,0.000000,1.000000,-0.050546,-0.039102,0.014305,-1.079385,0.004387,-0.042153,1.001564
962,1788745198.697334,-0.096200,0.000000,0.288600,0.000000,0.000000,0.000000,1.000000,-0.050546,-0.039102,0.014305,-1.079385,0.004387,-0.042153,1.001564
963,1788745198.699747,-0.096300,0.000000,0.288900,0.000000,0.000000,0.000000,1.000000,-0.050927,-0.039102,0.014305,-1.079766,0.004387,-0.042153,1.001945
964,1788745198.702111,-0.096400,0.000000,0.289200,0.000000,0.000000,0.000000,1.000000,-0.050927,-0.039102,0.014305,-1.080148,0.004387,-0.042153,1.001564
965,1788745198.704403,-0.096500,0.000000,0.289500,0.000000,0.000000,0.000000,1.000000,-0.050927,-0.039102,0.014305,-1.080529,0.004387,-0.042153,1.001564
966,1788745198.706712,-0.096600,0.000000,0.289800,0.000000,0.000000,0.000000,1.000000,-0.051309,-0.039102,0.014305,-1.080911,0.004768,-0.042153,1.001564
967,1788745198.709059,-0.096700,0.000000,0.290100,0.000000,0.000000,0.000000,1.000000,-0.051690,-0.039102,0.014305,-1.081292,0.004387,-0.042153,1.001183
968,1788745198.711411,-0.096800,0.000000,0.290400,0.000000,0.000000,0.000000,1.000000,-0.051690,-0.039102,0.014305,-1.081674,0.004768,-0.042535,1.001564
969,1788745198.713810,-0.096900,0.000000,0.290700,0.000000,0.000000,0.000000,1.000000,-0.051690,-0.039102,0.014305,-1.081674,0.004768,-0.042535,1.001564
970,1788745198.716051,-0.097000,0.000000,0.291000,0.000000,0.000000,0.000000,1.000000,-0.052072,-0.039102,0.014305,-1.082055,0.004768,-0.042535,1.001564
971,1788745198.718348,-0.097100,0.000000,0.291300,0.000000,0.000000,0.000000,1.000000,-0.052072,-0.039483,0.014305,-1.082437,0.004768,-0.042535,1.001564
972,1788745198.720605,-0.097200,0.000000,0.291600,0.000000,0.000000,0.000000,1.000000,-0.052453,-0.039483,0.014305,-1.082437,0.004768,-0.042535,1.001564
973,1788745198.722824,-0.097300,0.000000,0.291900,0.000000,0.000000,0.000000,1.000000,-0.052453,-0.039483,0.014305,-1.083200,0.004768,-0.042916,1.001564
974,1788745198.725048,-0.097400,0.000000,0.292200,0.000000,0.000000,0.000000,1.000000,-0.053216,-0.039483,0.014305,-1.083962,0.004768,-0.042916,1.001564
975,1788745198.727489,-0.097500,0.000000,0.292500,0.000000,0.000000,0.000000,1.000000,-0.053216,-0.039865,0.014305,-1.084344,0.004768,-0.043298,1.001564
976,1788745198.729979,-0.097600,0.000000,0.292800,0.000000,0.000000,0.000000,1.000000,-0.053597,-0.039865,0.014687,-1.084725,0.004768,-0.043298,1.001945
977,1788745198.732470,-0.097700,0.000000,0.293100,0.000000,0.000000,0.000000,1.000000,-0.053597,-0.039865,0.014687,-1.085107,0.005150,-0.043679,1.001945
978,1788745198.735004,-0.097800,0.000000,0.293400,0.000000,0.000000,0.000000,1.000000,-0.053979,-0.039865,0.014687,-1.085870,0.005531,-0.044442,1.002327
979,1788745198.737192,-0.097900,0.000000,0.293700,0.000000,0.000000,0.000000,1.000000,-0.054360,-0.040246,0.014687,-1.086251,0.005531,-0.044824,1.002327
980,1788745198.739367,-0.098000,0.000000,0.294000,0.000000,0.000000,0.000000,1.000000,-0.054360,-0.040246,0.014687,-1.086251,0.005531,-0.045205,1.002327
981,1788745198.741508,-0.098100,0.000000,0.294300,0.000000,0.000000,0.000000,1.000000,-0.054742,-0.040246,0.014687,-1.086633,0.006294,-0.045587,1.002327
982,1788745198.743708,-0.098200,0.000000,0.294600,0.000000,0.000000,0.000000,1.000000,-0.054742,-0.040246,0.014687,-1.087014,0.006676,-0.045968,1.002327
983,1788745198.746074,-0.098300,0.000000,0.294900,0.000000,0.000000,0.000000,1.000000,-0.054742,-0.040627,0.014687,-1.087014,0.006676,-0.045968,1.002327
984,1788745198.748377,-0.098400,0.000000,0.295200,0.000000,0.000000,0.000000,1.000000,-0.055123,-0.040627,0.014687,-1.087396,0.007057,-0.045968,1.001945
985,1788745198.750660,-0.098500,0.000000,0.295500,0.000000,0.000000,0.000000,1.000000,-0.055505,-0.041009,0.015068,-1.087777,0.007439,-0.045968,1.001945
986,1788745198.752808,-0.098600,0.000000,0.295800,0.000000,0.000000,0.000000,1.000000,-0.055505,-0.041009,0.015068,-1.088159,0.007057,-0.045968,1.001945
987,1788745198.754976,-0.098700,0.000000,0.296100,0.000000,0.000000,0.000000,1.000000,-0.055886,-0.041390,0.015068,-1.088922,0.007057,-0.045968,1.001564
988,1788745198.757285,-0.098800,0.000000,0.296400,0.000000,0.000000,0.000000,1.000000,-0.056268,-0.041390,0.015068,-1.089303,0.007439,-0.045587,1.001564
989,1788745198.759700,-0.098900,0.000000,0.296700,0.000000,0.000000,0.000000,1.000000,-0.056649,-0.041772,0.015068,-1.089684,0.007439,-0.045587,1.001564
990,1788745198.762054,-0.099000,0.000000,0.297000,0.000000,0.000000,0.000000,1.000000,-0.057031,-0.041772,0.015068,-1.090447,0.007439,-0.045587,1.001564
991,1788745198.764336,-0.099100,0.000000,0.297300,0.000000,0.000000,0.000000,1.000000,-0.057031,-0.042153,0.015068,-1.091210,0.007439,-0.045968,1.001945
992,1788745198.766672,-0.099200,0.000000,0.297600,0.000000,0.000000,0.000000,1.000000,-0.057412,-0.042153,0.015068,-1.091592,0.007057,-0.045968,1.001945
993,1788745198.768994,-0.099300,0.000000,0.297900,0.000000,0.000000,0.000000,1.000000,-0.058175,-0.042916,0.015068,-1.091973,0.007439,-0.046350,1.002327
994,1788745198.771355,-0.099400,0.000000,0.298200,0.000000,0.000000,0.000000,1.000000,-0.058175,-0.043298,0.015068,-1.092736,0.007439,-0.046350,1.002327
995,1788745198.773636,-0.099500,0.000000,0.298500,0.000000,0.000000,0.000000,1.000000,-0.058557,-0.043679,0.015068,-1.093118,0.007439,-0.046731,1.002327
996,1788745198.775929,-0.099600,0.000000,0.298800,0.000000,0.000000,0.000000,1.000000,-0.058938,-0.044061,0.015068,-1.093499,0.007439,-0.046731,1.002327
997,1788745198.778232,-0.099700,0.000000,0.299100,0.000000,0.000000,0.000000,1.000000,-0.058938,-0.044442,0.015068,-1.093499,0.007439,-0.046731,1.002327
998,1788745198.780555,-0.099800,0.000000,0.299400,0.000000,0.000000,0.000000,1.000000,-0.059319,-0.044824,0.015068,-1.093882,0.007820,-0.047112,1.001945
999,1788745198.782881,-0.099900,0.000000,0.299700,0.000000,0.000000,0.000000,1.000000,-0.059701,-0.045205,0.015068,-1.094645,0.007820,-0.047112,1.001945
1000,1788745198.785381,-0.100000,0.000000,0.300000,0.000000,0.000000,0.000000,1.000000,-0.060082,-0.045587,0.015068,-1.095026,0.007820,-0.047112,1.001564
