step,timestamp_s,cmd_x,cmd_y,cmd_z,cmd_qw,cmd_qx,cmd_qy,cmd_qz,joint_1_pos,joint_2_pos,joint_3_pos,joint_4_pos,joint_5_pos,joint_6_pos,joint_7_pos
1,1788745196.568341,-0.000100,0.000000,0.000300,0.000000,0.000000,0.000000,1.000000,-0.003624,0.003242,-0.001717,0.002861,-0.004005,0.004387,-0.000191
2,1788745196.570528,-0.000200,0.000000,0.000600,0.000000,0.000000,0.000000,1.000000,-0.003624,0.003242,-0.001717,0.002861,-0.004005,0.004387,-0.000191
3,1788745196.572670,-0.000300,0.000000,0.000900,0.000000,0.000000,0.000000,1.000000,-0.003624,0.003242,-0.001717,0.002861,-0.004005,0.004387,-0.000191
4,1788745196.574895,-0.000400,0.000000,0.001200,0.000000,0.000000,0.000000,1.000000,-0.003624,0.003242,-0.001717,0.002861,-0.004005,0.004387,-0.000191
5,1788745196.577353,-0.000500,0.000000,0.001500,0.000000,0.000000,0.000000,1.000000,-0.003624,0.003242,-0.001717,0.002861,-0.004005,0.004387,-0.000191
6,1788745196.579933,-0.000600,0.000000,0.001800,0.000000,0.000000,0.000000,1.000000,-0.003624,0.003242,-0.001717,0.002861,-0.004005,0.004387,-0.000191
7,1788745196.582296,-0.000700,0.000000,0.002100,0.000000,0.000000,0.000000,1.000000,-0.003624,0.003242,-0.001717,0.002861,-0.004005,0.004387,-0.000191
8,1788745196.584693,-0.000800,0.000000,0.002400,0.000000,0.000000,0.000000,1.000000,-0.003624,0.003242,-0.001717,0.002861,-0.004005,0.004387,-0.000191
9,1788745196.586943,-0.000900,0.000000,0.002700,0.000000,0.000000,0.000000,1.000000,-0.003624,0.003242,-0.001717,0.002861,-0.004005,0.004387,-0.000191
10,1788745196.589516,-0.001000,0.000000,0.003000,0.000000,0.000000,0.000000,1.000000,-0.003624,0.003242,-0.001717,0.002861,-0.004005,0.004387,-0.000191
11,1788745196.591899,-0.001100,0.000000,0.003300,0.000000,0.000000,0.000000,1.000000,-0.003624,0.003242,-0.001717,0.002861,-0.004005,0.004387,-0.000191
12,1788745196.594209,-0.001200,0.000000,0.003600,0.000000,0.000000,0.000000,1.000000,-0.003624,0.003242,-0.001717,0.002861,-0.004005,0.004387,-0.000191
13,1788745196.596487,-0.001300,0.000000,0.003900,0.000000,0.000000,0.000000,1.000000,-0.003624,0.003242,-0.001717,0.002861,-0.004005,0.004387,-0.000191
14,1788745196.599035,-0.001400,0.000000,0.004200,0.000000,0.000000,0.000000,1.000000,-0.003624,0.003242,-0.001717,0.002861,-0.004005,0.004387,-0.000191
15,1788745196.601344,-0.001500,0.000000,0.004500,0.000000,0.000000,0.000000,1.000000,-0.003624,0.003242,-0.001717,0.002861,-0.004005,0.004387,-0.000191
16,1788745196.603643,-0.001600,0.000000,0.004800,0.000000,0.000000,0.000000,1.000000,-0.003624,0.003242,-0.001717,0.002861,-0.004005,0.004387,-0.000191
17,1788745196.605806,-0.001700,0.000000,0.005100,0.000000,0.000000,0.000000,1.000000,-0.003624,0.003242,-0.001717,0.002861,-0.004005,0.004387,-0.000191
18,1788745196.608132,-0.001800,0.000000,0.005400,0.000000,0.000000,0.000000,1.000000,-0.003624,0.003242,-0.001717,0.002861,-0.004005,0.004387,-0.000191
19,1788745196.610416,-0.001900,0.000000,0.005700,0.000000,0.000000,0.000000,1.000000,-0.003624,0.003242,-0.001717,0.002861,-0.004005,0.004387,-0.000191
20,1788745196.612802,-0.002000,0.000000,0.006000,0.000000,0.000000,0.000000,1.000000,-0.003624,0.003242,-0.001717,0.002861,-0.004005,0.004387,-0.000191
21,1788745196.615099,-0.002100,0.000000,0.006300,0.000000,0.000000,0.000000,1.000000,-0.003624,0.003242,-0.001717,0.002861,-0.004005,0.004387,-0.000191
22,1788745196.617376,-0.002200,0.000000,0.006600,0.000000,0.000000,0.000000,1.000000,-0.003624,0.003242,-0.001717,0.002861,-0.004005,0.004387,-0.000191
23,1788745196.619637,-0.002300,0.000000,0.006900,0.000000,0.000000,0.000000,1.000000,-0.003624,0.003242,-0.001717,0.002861,-0.004005,0.004387,-0.000191
24,1788745196.621871,-0.002400,0.000000,0.007200,0.000000,0.000000,0.000000,1.000000,-0.003624,0.003242,-0.001717,0.002861,-0.004005,0.004387,-0.000191
25,1788745196.624143,-0.002500,0.000000,0.007500,0.000000,0.000000,0.000000,1.000000,-0.003624,0.003242,-0.001717,0.002861,-0.004005,0.004387,-0.000191
26,1788745196.626304,-0.002600,0.000000,0.007800,0.000000,0.000000,0.000000,1.000000,-0.003624,0.003242,-0.001717,0.002861,-0.004005,0.004387,-0.000191
27,1788745196.628726,-0.002700,0.000000,0.008100,0.000000,0.000000,0.000000,1.000000,-0.003624,0.003242,-0.001717,0.002861,-0.004005,0.004387,-0.000191
28,1788745196.631038,-0.002800,0.000000,0.008400,0.000000,0.000000,0.000000,1.000000,-0.003624,0.003242,-0.001717,0.002861,-0.004005,0.004387,-0.000191
29,1788745196.633469,-0.002900,0.000000,0.008700,0.000000,0.000000,0.000000,1.000000,-0.003624,0.003242,-0.001717,0.002480,-0.004005,0.004387,-0.000191
30,1788745196.635865,-0.003000,0.000000,0.009000,0.000000,0.000000,0.000000,1.000000,-0.003624,0.003242,-0.001717,0.002480,-0.004005,0.004387,-0.000191
31,1788745196.638202,-0.003100,0.000000,0.009300,0.000000,0.000000,0.000000,1.000000,-0.003624,0.003242,-0.001717,0.002480,-0.004005,0.004387,0.000191
32,1788745196.640621,-0.003200,0.000000,0.009600,0.000000,0.000000,0.000000,1.000000,-0.003624,0.003242,-0.001717,0.002480,-0.004005,0.004387,-0.000191
33,1788745196.643026,-0.003300,0.000000,0.009900,0.000000,0.000000,0.000000,1.000000,-0.003624,0.003242,-0.001717,0.002480,-0.004005,0.004387,-0.000191
34,1788745196.645237,-0.003400,0.000000,0.010200,0.000000,0.000000,0.000000,1.000000,-0.003624,0.003242,-0.001717,0.002480,-0.004005,0.004387,-0.000191
35,1788745196.647408,-0.003500,0.000000,0.010500,0.000000,0.000000,0.000000,1.000000,-0.003624,0.003242,-0.001717,0.002480,-0.004005,0.004387,0.000191
36,1788745196.649562,-0.003600,0.000000,0.010800,0.000000,0.000000,0.000000,1.000000,-0.003624,0.003242,-0.001717,0.002480,-0.004005,0.004387,0.000191
37,1788745196.651733,-0.003700,0.000000,0.011100,0.000000,0.000000,0.000000,1.000000,-0.003624,0.003242,-0.001717,0.002480,-0.004005,0.004387,0.000191
38,1788745196.653948,-0.003800,0.000000,0.011400,0.000000,0.000000,0.000000,1.000000,-0.003624,0.003242,-0.001717,0.002480,-0.004005,0.004387,0.000191
39,1788745196.656094,-0.003900,0.000000,0.011700,0.000000,0.000000,0.000000,1.000000,-0.003624,0.003242,-0.001717,0.002098,-0.004005,0.004387,0.000191
40,1788745196.658312,-0.004000,0.000000,0.012000,0.000000,0.000000,0.000000,1.000000,-0.003624,0.003242,-0.001717,0.002098,-0.004005,0.004387,0.000191
41,1788745196.660485,-0.004100,0.000000,0.012300,0.000000,0.000000,0.000000,1.000000,-0.003624,0.003242,-0.001717,0.002098,-0.004005,0.004387,0.000191
42,1788745196.662633,-0.004200,0.000000,0.012600,0.000000,0.000000,0.000000,1.000000,-0.003624,0.003242,-0.001717,0.001717,-0.004005,0.004387,0.000191
43,1788745196.664812,-0.004300,0.000000,0.012900,0.000000,0.000000,0.000000,1.000000,-0.003624,0.003242,-0.001717,0.001717,-0.004005,0.004387,0.000572
44,1788745196.666990,-0.004400,0.000000,0.013200,0.000000,0.000000,0.000000,1.000000,-0.003624,0.003242,-0.001717,0.001335,-0.004005,0.004387,0.000572
45,1788745196.669168,-0.004500,0.000000,0.013500,0.000000,0.000000,0.000000,1.000000,-0.003624,0.003242,-0.001717,0.000954,-0.004005,0.004387,0.000954
46,1788745196.671311,-0.004600,0.000000,0.013800,0.000000,0.000000,0.000000,1.000000,-0.003242,0.003242,-0.001717,0.000954,-0.004005,0.004387,0.000954
47,1788745196.673539,-0.004700,0.000000,0.014100,0.000000,0.000000,0.000000,1.000000,-0.003242,0.003242,-0.001717,0.000572,-0.004005,0.004387,0.001335
48,1788745196.675728,-0.004800,0.000000,0.014400,0.000000,0.000000,0.000000,1.000000,-0.003242,0.003242,-0.001717,0.000191,-0.004005,0.004387,0.001717
49,1788745196.677900,-0.004900,0.000000,0.014700,0.000000,0.000000,0.000000,1.000000,-0.003242,0.003242,-0.001717,-0.000191,-0.004005,0.004387,0.001717
50,1788745196.680089,-0.005000,0.000000,0.015000,0.000000,0.000000,0.000000,1.000000,-0.003242,0.003242,-0.001717,-0.000572,-0.004005,0.004387,0.002098
51,1788745196.682240,-0.005100,0.000000,0.015300,0.000000,0.000000,0.000000,1.000000,-0.003242,0.003242,-0.001717,-0.000954,-0.004005,0.004387,0.002480
52,1788745196.684410,-0.005200,0.000000,0.015600,0.000000,0.000000,0.000000,1.000000,-0.003242,0.003242,-0.001717,-0.001335,-0.004005,0.004387,0.003242
53,1788745196.686568,-0.005300,0.000000,0.015900,0.000000,0.000000,0.000000,1.000000,-0.003242,0.003242,-0.001717,-0.001717,-0.004005,0.004387,0.003624
54,1788745196.688747,-0.005400,0.000000,0.016200,0.000000,0.000000,0.000000,1.000000,-0.003242,0.003242,-0.001717,-0.002098,-0.004005,0.004387,0.004005
55,1788745196.690897,-0.005500,0.000000,0.016500,0.000000,0.000000,0.000000,1.000000,-0.002861,0.003242,-0.001717,-0.002480,-0.004005,0.004387,0.004768
56,1788745196.693043,-0.005600,0.000000,0.016800,0.000000,0.000000,0.000000,1.000000,-0.002861,0.003242,-0.001717,-0.003242,-0.004005,0.004387,0.005150
57,1788745196.695295,-0.005700,0.000000,0.017100,0.000000,0.000000,0.000000,1.000000,-0.002861,0.003242,-0.001717,-0.003624,-0.004005,0.004387,0.005150
58,1788745196.697492,-0.005800,0.000000,0.017400,0.000000,0.000000,0.000000,1.000000,-0.002861,0.003242,-0.001717,-0.003624,-0.004005,0.004387,0.005531
59,1788745196.699651,-0.005900,0.000000,0.017700,0.000000,0.000000,0.000000,1.000000,-0.002861,0.003242,-0.001717,-0.004387,-0.004005,0.004387,0.005531
60,1788745196.701796,-0.006000,0.000000,0.018000,0.000000,0.000000,0.000000,1.000000,-0.002861,0.003242,-0.001717,-0.004768,-0.004005,0.004387,0.005913
61,1788745196.703954,-0.006100,0.000000,0.018300,0.000000,0.000000,0.000000,1.000000,-0.002861,0.003242,-0.001717,-0.005150,-0.004005,0.004387,0.006294
62,1788745196.706149,-0.006200,0.000000,0.018600,0.000000,0.000000,0.000000,1.000000,-0.002861,0.003242,-0.001717,-0.005531,-0.004005,0.004387,0.006676
63,1788745196.708475,-0.006300,0.000000,0.018900,0.000000,0.000000,0.000000,1.000000,-0.002480,0.003242,-0.001717,-0.005531,-0.004005,0.004387,0.006676
64,1788745196.710787,-0.006400,0.000000,0.019200,0.000000,0.000000,0.000000,1.000000,-0.002480,0.003242,-0.001717,-0.006294,-0.004005,0.004387,0.007057
65,1788745196.713167,-0.006500,0.000000,0.019500,0.000000,0.000000,0.000000,1.000000,-0.002480,0.003242,-0.001717,-0.007439,-0.004005,0.004387,0.008202
66,1788745196.715493,-0.006600,0.000000,0.019800,0.000000,0.000000,0.000000,1.000000,-0.002480,0.003242,-0.001717,-0.008202,-0.004005,0.004387,0.008965
67,1788745196.717780,-0.006700,0.000000,0.020100,0.000000,0.000000,0.000000,1.000000,-0.002480,0.003242,-0.001717,-0.008202,-0.004005,0.004387,0.009346
68,1788745196.720058,-0.006800,0.000000,0.020400,0.000000,0.000000,0.000000,1.000000,-0.002480,0.003242,-0.001717,-0.009727,-0.004005,0.004387,0.009727
69,1788745196.722375,-0.006900,0.000000,0.020700,0.000000,0.000000,0.000000,1.000000,-0.002480,0.003242,-0.001717,-0.010109,-0.004005,0.004387,0.010490
70,1788745196.724687,-0.007000,0.000000,0.021000,0.000000,0.000000,0.000000,1.000000,-0.002480,0.003242,-0.001717,-0.010872,-0.004005,0.004387,0.011253
71,1788745196.727045,-0.007100,0.000000,0.021300,0.000000,0.000000,0.000000,1.000000,-0.002098,0.003242,-0.001717,-0.010872,-0.004005,0.004387,0.012398
72,1788745196.729511,-0.007200,0.000000,0.021600,0.000000,0.000000,0.000000,1.000000,-0.002098,0.003242,-0.001717,-0.012779,-0.004005,0.004387,0.013161
73,1788745196.732007,-0.007300,0.000000,0.021900,0.000000,0.000000,0.000000,1.000000,-0.002098,0.003242,-0.001717,-0.012779,-0.004005,0.004387,0.013924
74,1788745196.734390,-0.007400,0.000000,0.022200,0.000000,0.000000,0.000000,1.000000,-0.002098,0.003242,-0.001717,-0.014305,-0.004005,0.004387,0.014687
75,1788745196.736786,-0.007500,0.000000,0.022500,0.000000,0.000000,0.000000,1.000000,-0.002098,0.003242,-0.001717,-0.015068,-0.004387,0.004387,0.015068
76,1788745196.739210,-0.007600,0.000000,0.022800,0.000000,0.000000,0.000000,1.000000,-0.002098,0.003242,-0.001717,-0.016212,-0.004005,0.004387,0.016212
77,1788745196.741495,-0.007700,0.000000,0.023100,0.000000,0.000000,0.000000,1.000000,-0.001717,0.003242,-0.001717,-0.016212,-0.004005,0.004387,0.016594
78,1788745196.743927,-0.007800,0.000000,0.023400,0.000000,0.000000,0.000000,1.000000,-0.001717,0.003242,-0.001717,-0.017738,-0.004005,0.004387,0.016975
79,1788745196.746099,-0.007900,0.000000,0.023700,0.000000,0.000000,0.000000,1.000000,-0.001717,0.003242,-0.001717,-0.018883,-0.004005,0.004387,0.017357
80,1788745196.748393,-0.008000,0.000000,0.024000,0.000000,0.000000,0.000000,1.000000,-0.001335,0.003242,-0.001717,-0.019264,-0.004005,0.004387,0.017738
81,1788745196.750582,-0.008100,0.000000,0.024300,0.000000,0.000000,0.000000,1.000000,-0.001335,0.003242,-0.001717,-0.020409,-0.004387,0.004387,0.018501
82,1788745196.752873,-0.008200,0.000000,0.024600,0.000000,0.000000,0.000000,1.000000,-0.001335,0.003242,-0.001717,-0.021553,-0.004005,0.004387,0.019264
83,1788745196.755183,-0.008300,0.000000,0.024900,0.000000,0.000000,0.000000,1.000000,-0.001335,0.003242,-0.001717,-0.023079,-0.004005,0.004387,0.020409
84,1788745196.757518,-0.008400,0.000000,0.025200,0.000000,0.000000,0.000000,1.000000,-0.001335,0.003242,-0.001717,-0.023842,-0.004387,0.004387,0.020790
85,1788745196.759878,-0.008500,0.000000,0.025500,0.000000,0.000000,0.000000,1.000000,-0.001335,0.003242,-0.001717,-0.024605,-0.004005,0.004387,0.021553
86,1788745196.762170,-0.008600,0.000000,0.025800,0.000000,0.000000,0.000000,1.000000,-0.000954,0.003242,-0.001717,-0.025749,-0.004005,0.004387,0.021935
87,1788745196.764561,-0.008700,0.000000,0.026100,0.000000,0.000000,0.000000,1.000000,-0.000954,0.003242,-0.001717,-0.026512,-0.004005,0.004387,0.022316
88,1788745196.767100,-0.008800,0.000000,0.026400,0.000000,0.000000,0.000000,1.000000,-0.000954,0.003242,-0.001717,-0.028038,-0.004005,0.004387,0.023079
89,1788745196.769508,-0.008900,0.000000,0.026700,0.000000,0.000000,0.000000,1.000000,-0.000572,0.003242,-0.001717,-0.029182,-0.004005,0.004387,0.023460
90,1788745196.771771,-0.009000,0.000000,0.027000,0.000000,0.000000,0.000000,1.000000,-0.000572,0.003242,-0.001717,-0.030327,-0.004387,0.004387,0.023842
91,1788745196.774264,-0.009100,0.000000,0.027300,0.000000,0.000000,0.000000,1.000000,-0.000572,0.003242,-0.001717,-0.031090,-0.004005,0.004387,0.024223
92,1788745196.776594,-0.009200,0.000000,0.027600,0.000000,0.000000,0.000000,1.000000,-0.000191,0.003242,-0.001717,-0.031854,-0.004005,0.004387,0.024223
93,1788745196.778910,-0.009300,0.000000,0.027900,0.000000,0.000000,0.000000,1.000000,0.000191,0.003242,-0.001717,-0.033761,-0.004387,0.004387,0.024986
94,1788745196.781239,-0.009400,0.000000,0.028200,0.000000,0.000000,0.000000,1.000000,0.000191,0.003242,-0.001717,-0.034905,-0.004387,0.004387,0.025749
95,1788745196.783574,-0.009500,0.000000,0.028500,0.000000,0.000000,0.000000,1.000000,0.000191,0.003242,-0.001717,-0.035668,-0.004005,0.004387,0.026131
96,1788745196.785853,-0.009600,0.000000,0.028800,0.000000,0.000000,0.000000,1.000000,0.000572,0.003242,-0.001717,-0.036813,-0.004005,0.004387,0.026894
97,1788745196.788123,-0.009700,0.000000,0.029100,0.000000,0.000000,0.000000,1.000000,0.000572,0.003242,-0.001717,-0.036813,-0.004387,0.004387,0.027275
98,1788745196.790425,-0.009800,0.000000,0.029400,0.000000,0.000000,0.000000,1.000000,0.000954,0.003242,-0.001717,-0.038720,-0.004005,0.004387,0.027657
99,1788745196.792692,-0.009900,0.000000,0.029700,0.000000,0.000000,0.000000,1.000000,0.000954,0.003242,-0.001717,-0.038720,-0.004005,0.004387,0.028419
100,1788745196.794988,-0.010000,0.000000,0.030000,0.000000,0.000000,0.000000,1.000000,0.001335,0.003242,-0.001717,-0.042153,-0.004005,0.004387,0.029182
101,1788745196.797163,-0.010100,0.000000,0.030300,0.000000,0.000000,0.000000,1.000000,0.001335,0.003242,-0.001717,-0.043679,-0.004005,0.004387,0.029564
102,1788745196.799458,-0.010200,0.000000,0.030600,0.000000,0.000000,0.000000,1.000000,0.001335,0.003242,-0.001717,-0.044442,-0.004387,0.004387,0.029945
103,1788745196.801598,-0.010300,0.000000,0.030900,0.000000,0.000000,0.000000,1.000000,0.001717,0.003242,-0.001717,-0.045587,-0.004005,0.004387,0.030708
104,1788745196.803746,-0.010400,0.000000,0.031200,0.000000,0.000000,0.000000,1.000000,0.001717,0.003242,-0.001717,-0.045587,-0.004387,0.004387,0.031090
105,1788745196.805898,-0.010500,0.000000,0.031500,0.000000,0.000000,0.000000,1.000000,0.002098,0.003624,-0.001717,-0.047494,-0.004387,0.004387,0.031472
106,1788745196.808074,-0.010600,0.000000,0.031800,0.000000,0.000000,0.000000,1.000000,0.002098,0.003624,-0.001717,-0.049020,-0.004005,0.004387,0.031854
107,1788745196.810237,-0.010700,0.000000,0.032100,0.000000,0.000000,0.000000,1.000000,0.002480,0.003624,-0.001717,-0.049783,-0.004005,0.004387,0.032235
108,1788745196.812420,-0.010800,0.000000,0.032400,0.000000,0.000000,0.000000,1.000000,0.002480,0.003242,-0.001717,-0.050927,-0.004387,0.004387,0.032998
109,1788745196.814594,-0.010900,0.000000,0.032700,0.000000,0.000000,0.000000,1.000000,0.002861,0.003624,-0.001717,-0.051690,-0.004387,0.004387,0.033380
110,1788745196.816818,-0.011000,0.000000,0.033000,0.000000,0.000000,0.000000,1.000000,0.003242,0.003624,-0.001717,-0.053216,-0.004005,0.004387,0.034142
111,1788745196.819000,-0.011100,0.000000,0.033300,0.000000,0.000000,0.000000,1.000000,0.003624,0.003624,-0.001717,-0.055505,-0.004387,0.004387,0.035287
112,1788745196.821153,-0.011200,0.000000,0.033600,0.000000,0.000000,0.000000,1.000000,0.003624,0.003624,-0.001717,-0.057031,-0.004005,0.004387,0.036050
113,1788745196.823315,-0.011300,0.000000,0.033900,0.000000,0.000000,0.000000,1.000000,0.004005,0.003624,-0.001717,-0.057031,-0.004005,0.004387,0.036813
114,1788745196.825475,-0.011400,0.000000,0.034200,0.000000,0.000000,0.000000,1.000000,0.004005,0.003624,-0.001717,-0.059319,-0.004005,0.004387,0.037576
115,1788745196.827626,-0.011500,0.000000,0.034500,0.000000,0.000000,0.000000,1.000000,0.004387,0.003624,-0.001717,-0.060845,-0.004387,0.004387,0.038720
116,1788745196.829809,-0.011600,0.000000,0.034800,0.000000,0.000000,0.000000,1.000000,0.004768,0.003624,-0.001717,-0.061608,-0.004005,0.004387,0.039102
117,1788745196.831976,-0.011700,0.000000,0.035100,0.000000,0.000000,0.000000,1.000000,0.005150,0.003624,-0.001717,-0.063134,-0.004387,0.004387,0.040627
118,1788745196.834147,-0.011800,0.000000,0.035400,0.000000,0.000000,0.000000,1.000000,0.005150,0.003624,-0.001717,-0.063516,-0.004005,0.004387,0.041390
119,1788745196.836311,-0.011900,0.000000,0.035700,0.000000,0.000000,0.000000,1.000000,0.005531,0.003624,-0.001717,-0.065042,-0.004005,0.004387,0.042535
120,1788745196.838469,-0.012000,0.000000,0.036000,0.000000,0.000000,0.000000,1.000000,0.005913,0.003624,-0.001717,-0.066567,-0.004387,0.004387,0.043298
121,1788745196.840605,-0.012100,0.000000,0.036300,0.000000,0.000000,0.000000,1.000000,0.005913,0.003624,-0.001717,-0.067330,-0.004387,0.004387,0.044061
122,1788745196.842781,-0.012200,0.000000,0.036600,0.000000,0.000000,0.000000,1.000000,0.006294,0.003624,-0.001717,-0.068856,-0.004005,0.004387,0.045205
123,1788745196.845097,-0.012300,0.000000,0.036900,0.000000,0.000000,0.000000,1.000000,0.006676,0.003624,-0.001717,-0.071145,-0.004387,0.004387,0.046350
124,1788745196.847397,-0.012400,0.000000,0.037200,0.000000,0.000000,0.000000,1.000000,0.007057,0.003624,-0.001717,-0.072289,-0.004387,0.004387,0.046731
125,1788745196.849688,-0.012500,0.000000,0.037500,0.000000,0.000000,0.000000,1.000000,0.007439,0.003624,-0.001717,-0.072289,-0.004387,0.004387,0.047112
126,1788745196.851962,-0.012600,0.000000,0.037800,0.000000,0.000000,0.000000,1.000000,0.007820,0.003624,-0.001717,-0.074578,-0.004387,0.004387,0.048257
127,1788745196.854204,-0.012700,0.000000,0.038100,0.000000,0.000000,0.000000,1.000000,0.007820,0.003624,-0.001717,-0.075723,-0.004387,0.004387,0.048638
128,1788745196.856518,-0.012800,0.000000,0.038400,0.000000,0.000000,0.000000,1.000000,0.008202,0.003624,-0.001717,-0.076867,-0.004387,0.004387,0.049020
129,1788745196.858824,-0.012900,0.000000,0.038700,0.000000,0.000000,0.000000,1.000000,0.008202,0.003624,-0.001717,-0.078393,-0.004387,0.004387,0.050164
130,1788745196.861148,-0.013000,0.000000,0.039000,0.000000,0.000000,0.000000,1.000000,0.008583,0.003624,-0.001717,-0.080300,-0.004387,0.004387,0.051690
131,1788745196.863366,-0.013100,0.000000,0.039300,0.000000,0.000000,0.000000,1.000000,0.009346,0.003624,-0.001717,-0.081826,-0.004387,0.004387,0.052453
132,1788745196.865587,-0.013200,0.000000,0.039600,0.000000,0.000000,0.000000,1.000000,0.009346,0.003624,-0.001717,-0.082589,-0.004387,0.004387,0.052835
133,1788745196.867769,-0.013300,0.000000,0.039900,0.000000,0.000000,0.000000,1.000000,0.009727,0.003624,-0.001717,-0.084115,-0.004387,0.004387,0.053597
134,1788745196.869924,-0.013400,0.000000,0.040200,0.000000,0.000000,0.000000,1.000000,0.010109,0.003624,-0.001717,-0.084115,-0.004387,0.004387,0.053979
135,1788745196.872095,-0.013500,0.000000,0.040500,0.000000,0.000000,0.000000,1.000000,0.010490,0.003624,-0.001717,-0.086404,-0.004387,0.004387,0.055123
136,1788745196.874265,-0.013600,0.000000,0.040800,0.000000,0.000000,0.000000,1.000000,0.010872,0.003624,-0.001717,-0.087930,-0.004005,0.004387,0.055886
137,1788745196.876438,-0.013700,0.000000,0.041100,0.000000,0.000000,0.000000,1.000000,0.011253,0.003624,-0.001717,-0.088693,-0.004387,0.004387,0.056268
138,1788745196.878598,-0.013800,0.000000,0.041400,0.000000,0.000000,0.000000,1.000000,0.011635,0.003624,-0.001717,-0.090219,-0.004387,0.004387,0.057031
139,1788745196.880755,-0.013900,0.000000,0.041700,0.000000,0.000000,0.000000,1.000000,0.011635,0.003624,-0.001717,-0.090981,-0.004387,0.004387,0.057794
140,1788745196.882930,-0.014000,0.000000,0.042000,0.000000,0.000000,0.000000,1.000000,0.012398,0.003624,-0.001717,-0.092507,-0.004387,0.004387,0.060464
141,1788745196.885093,-0.014100,0.000000,0.042300,0.000000,0.000000,0.000000,1.000000,0.012779,0.003624,-0.001717,-0.092507,-0.004387,0.004387,0.060845
142,1788745196.887253,-0.014200,0.000000,0.042600,0.000000,0.000000,0.000000,1.000000,0.013161,0.003624,-0.001717,-0.096323,-0.004387,0.004387,0.062371
143,1788745196.889478,-0.014300,0.000000,0.042900,0.000000,0.000000,0.000000,1.000000,0.013542,0.003624,-0.001717,-0.096323,-0.004387,0.004387,0.063134
144,1788745196.891655,-0.014400,0.000000,0.043200,0.000000,0.000000,0.000000,1.000000,0.013542,0.003624,-0.001717,-0.098612,-0.004387,0.004387,0.065042
145,1788745196.893818,-0.014500,0.000000,0.043500,0.000000,0.000000,0.000000,1.000000,0.013924,0.003624,-0.001717,-0.100138,-0.004387,0.004387,0.066186
146,1788745196.895991,-0.014600,0.000000,0.043800,0.000000,0.000000,0.000000,1.000000,0.014305,0.003624,-0.001717,-0.101282,-0.004387,0.004387,0.066949
147,1788745196.898142,-0.014700,0.000000,0.044100,0.000000,0.000000,0.000000,1.000000,0.014305,0.003624,-0.001717,-0.102808,-0.004387,0.004387,0.068475
148,1788745196.900327,-0.014800,0.000000,0.044400,0.000000,0.000000,0.000000,1.000000,0.014687,0.003624,-0.001717,-0.103571,-0.004387,0.004387,0.069238
149,1788745196.902533,-0.014900,0.000000,0.044700,0.000000,0.000000,0.000000,1.000000,0.015068,0.003624,-0.001717,-0.105097,-0.004387,0.004387,0.070382
150,1788745196.904723,-0.015000,0.000000,0.045000,0.000000,0.000000,0.000000,1.000000,0.015450,0.003624,-0.001717,-0.106623,-0.004387,0.004387,0.071145
151,1788745196.906911,-0.015100,0.000000,0.045300,0.000000,0.000000,0.000000,1.000000,0.016212,0.003624,-0.001717,-0.108912,-0.004387,0.004387,0.072671
152,1788745196.909127,-0.015200,0.000000,0.045600,0.000000,0.000000,0.000000,1.000000,0.016212,0.003624,-0.001717,-0.109674,-0.004387,0.004387,0.073434
153,1788745196.911318,-0.015300,0.000000,0.045900,0.000000,0.000000,0.000000,1.000000,0.016594,0.003624,-0.001717,-0.111200,-0.004387,0.004387,0.074197
154,1788745196.913474,-0.015400,0.000000,0.046200,0.000000,0.000000,0.000000,1.000000,0.016975,0.003624,-0.001717,-0.112345,-0.004387,0.004387,0.074960
155,1788745196.915707,-0.015500,0.000000,0.046500,0.000000,0.000000,0.000000,1.000000,0.017357,0.003624,-0.001717,-0.113108,-0.004387,0.004387,0.075723
156,1788745196.917905,-0.015600,0.000000,0.046800,0.000000,0.000000,0.000000,1.000000,0.017738,0.003624,-0.001717,-0.114634,-0.004387,0.004387,0.076104
157,1788745196.920083,-0.015700,0.000000,0.047100,0.000000,0.000000,0.000000,1.000000,0.018120,0.003624,-0.001717,-0.114634,-0.004387,0.004387,0.076867
158,1788745196.922244,-0.015800,0.000000,0.047400,0.000000,0.000000,0.000000,1.000000,0.018501,0.003624,-0.001717,-0.116541,-0.004387,0.004387,0.077630
159,1788745196.924408,-0.015900,0.000000,0.047700,0.000000,0.000000,0.000000,1.000000,0.018883,0.003624,-0.001717,-0.118067,-0.004387,0.004387,0.078393
160,1788745196.926629,-0.016000,0.000000,0.048000,0.000000,0.000000,0.000000,1.000000,0.019264,0.003624,-0.001717,-0.118067,-0.004387,0.004387,0.079156
161,1788745196.928827,-0.016100,0.000000,0.048300,0.000000,0.000000,0.000000,1.000000,0.019646,0.003624,-0.001717,-0.120356,-0.004387,0.004387,0.079919
162,1788745196.930985,-0.016200,0.000000,0.048600,0.000000,0.000000,0.000000,1.000000,0.020409,0.003624,-0.001717,-0.122644,-0.004387,0.004387,0.081063
163,1788745196.933170,-0.016300,0.000000,0.048900,0.000000,0.000000,0.000000,1.000000,0.020409,0.003624,-0.001717,-0.124170,-0.004387,0.004387,0.082208
164,1788745196.935372,-0.016400,0.000000,0.049200,0.000000,0.000000,0.000000,1.000000,0.020790,0.003624,-0.001717,-0.125315,-0.004387,0.004387,0.082971
165,1788745196.937555,-0.016500,0.000000,0.049500,0.000000,0.000000,0.000000,1.000000,0.021172,0.003624,-0.001717,-0.126841,-0.004387,0.004387,0.083734
166,1788745196.939708,-0.016600,0.000000,0.049800,0.000000,0.000000,0.000000,1.000000,0.021553,0.003624,-0.001717,-0.126841,-0.004387,0.004387,0.084496
167,1788745196.941921,-0.016700,0.000000,0.050100,0.000000,0.000000,0.000000,1.000000,0.021935,0.003624,-0.001717,-0.129129,-0.004387,0.004387,0.086022
168,1788745196.944122,-0.016800,0.000000,0.050400,0.000000,0.000000,0.000000,1.000000,0.022316,0.003624,-0.001717,-0.130655,-0.004387,0.004387,0.087548
169,1788745196.946299,-0.016900,0.000000,0.050700,0.000000,0.000000,0.000000,1.000000,0.022697,0.003624,-0.001717,-0.131800,-0.004387,0.004387,0.088311
170,1788745196.948461,-0.017000,0.000000,0.051000,0.000000,0.000000,0.000000,1.000000,0.023079,0.004005,-0.001717,-0.133326,-0.004387,0.004387,0.090219
171,1788745196.950628,-0.017100,0.000000,0.051300,0.000000,0.000000,0.000000,1.000000,0.023460,0.004005,-0.001717,-0.134851,-0.004387,0.004387,0.091744
172,1788745196.952771,-0.017200,0.000000,0.051600,0.000000,0.000000,0.000000,1.000000,0.023460,0.004005,-0.001717,-0.135614,-0.004387,0.004387,0.092889
173,1788745196.954918,-0.017300,0.000000,0.051900,0.000000,0.000000,0.000000,1.000000,0.024605,0.004005,-0.001717,-0.137140,-0.004387,0.004387,0.095179
174,1788745196.957110,-0.017400,0.000000,0.052200,0.000000,0.000000,0.000000,1.000000,0.024986,0.004005,-0.001717,-0.139811,-0.004387,0.004387,0.096323
175,1788745196.959282,-0.017500,0.000000,0.052500,0.000000,0.000000,0.000000,1.000000,0.025368,0.004005,-0.001717,-0.141718,-0.004387,0.004387,0.097849
176,1788745196.961441,-0.017600,0.000000,0.052800,0.000000,0.000000,0.000000,1.000000,0.025368,0.004005,-0.001717,-0.142481,-0.004387,0.004387,0.098230
177,1788745196.963577,-0.017700,0.000000,0.053100,0.000000,0.000000,0.000000,1.000000,0.025749,0.004005,-0.001717,-0.144007,-0.004387,0.004387,0.099375
178,1788745196.965750,-0.017800,0.000000,0.053400,0.000000,0.000000,0.000000,1.000000,0.026512,0.004005,-0.001717,-0.144007,-0.004387,0.004387,0.100138
179,1788745196.967918,-0.017900,0.000000,0.053700,0.000000,0.000000,0.000000,1.000000,0.026512,0.004005,-0.001717,-0.146296,-0.004387,0.004387,0.101282
180,1788745196.970088,-0.018000,0.000000,0.054000,0.000000,0.000000,0.000000,1.000000,0.026894,0.004005,-0.001717,-0.147821,-0.004387,0.004387,0.102427
181,1788745196.972238,-0.018100,0.000000,0.054300,0.000000,0.000000,0.000000,1.000000,0.027275,0.004005,-0.001717,-0.148966,-0.004387,0.004387,0.102808
182,1788745196.974429,-0.018200,0.000000,0.054600,0.000000,0.000000,0.000000,1.000000,0.027657,0.004005,-0.001717,-0.150492,-0.004387,0.004387,0.104334
183,1788745196.976619,-0.018300,0.000000,0.054900,0.000000,0.000000,0.000000,1.000000,0.027657,0.004005,-0.001717,-0.151255,-0.004387,0.004387,0.105097
184,1788745196.978757,-0.018400,0.000000,0.055200,0.000000,0.000000,0.000000,1.000000,0.028419,0.004005,-0.001717,-0.153162,-0.004387,0.004387,0.105860
185,1788745196.980992,-0.018500,0.000000,0.055500,0.000000,0.000000,0.000000,1.000000,0.029182,0.004005,-0.001717,-0.155451,-0.004387,0.004387,0.107386
186,1788745196.983318,-0.018600,0.000000,0.055800,0.000000,0.000000,0.000000,1.000000,0.029564,0.004005,-0.001717,-0.156978,-0.004387,0.004387,0.108912
187,1788745196.985625,-0.018700,0.000000,0.056100,0.000000,0.000000,0.000000,1.000000,0.029945,0.004005,-0.001717,-0.156978,-0.004387,0.004387,0.109674
188,1788745196.987916,-0.018800,0.000000,0.056400,0.000000,0.000000,0.000000,1.000000,0.030327,0.004005,-0.001717,-0.159648,-0.004387,0.004387,0.110437
189,1788745196.990202,-0.018900,0.000000,0.056700,0.000000,0.000000,0.000000,1.000000,0.030708,0.004005,-0.001717,-0.161174,-0.004387,0.004387,0.111582
190,1788745196.992576,-0.019000,0.000000,0.057000,0.000000,0.000000,0.000000,1.000000,0.031090,0.004005,-0.001717,-0.161174,-0.004387,0.004387,0.112345
191,1788745196.995081,-0.019100,0.000000,0.057300,0.000000,0.000000,0.000000,1.000000,0.031854,0.004005,-0.001717,-0.164989,-0.004387,0.004768,0.114634
192,1788745196.997523,-0.019200,0.000000,0.057600,0.000000,0.000000,0.000000,1.000000,0.032235,0.004005,-0.001717,-0.166514,-0.004387,0.004768,0.115778
193,1788745196.999801,-0.019300,0.000000,0.057900,0.000000,0.000000,0.000000,1.000000,0.032617,0.004005,-0.001717,-0.168422,-0.004387,0.004387,0.117304
194,1788745197.002057,-0.019400,0.000000,0.058200,0.000000,0.000000,0.000000,1.000000,0.032998,0.004005,-0.001717,-0.169185,-0.004387,0.004768,0.118448
195,1788745197.004231,-0.019500,0.000000,0.058500,0.000000,0.000000,0.000000,1.000000,0.033380,0.004005,-0.001717,-0.171092,-0.004387,0.004768,0.119974
196,1788745197.006406,-0.019600,0.000000,0.058800,0.000000,0.000000,0.000000,1.000000,0.033761,0.004005,-0.001717,-0.172999,-0.004387,0.004768,0.121500
197,1788745197.008618,-0.019700,0.000000,0.059100,0.000000,0.000000,0.000000,1.000000,0.034142,0.004005,-0.001717,-0.173762,-0.004387,0.004768,0.122263
198,1788745197.010777,-0.019800,0.000000,0.059400,0.000000,0.000000,0.000000,1.000000,0.034524,0.004005,-0.001717,-0.175670,-0.004387,0.004768,0.123789
199,1788745197.012957,-0.019900,0.000000,0.059700,0.000000,0.000000,0.000000,1.000000,0.035287,0.004005,-0.001717,-0.178340,-0.004387,0.004768,0.126078
200,1788745197.015101,-0.020000,0.000000,0.060000,0.000000,0.000000,0.000000,1.000000,0.035668,0.004005,-0.001717,-0.180247,-0.004387,0.004768,0.127604
201,1788745197.017279,-0.020100,0.000000,0.060300,0.000000,0.000000,0.000000,1.000000,0.036050,0.004005,-0.001717,-0.181010,-0.004387,0.004768,0.127985
202,1788745197.019487,-0.020200,0.000000,0.060600,0.000000,0.000000,0.000000,1.000000,0.036431,0.004005,-0.001717,-0.182918,-0.004387,0.004768,0.129511
203,1788745197.021669,-0.020300,0.000000,0.060900,0.000000,0.000000,0.000000,1.000000,0.036813,0.004005,-0.001717,-0.183681,-0.004387,0.004387,0.130274
204,1788745197.023890,-0.020400,0.000000,0.061200,0.000000,0.000000,0.000000,1.000000,0.037194,0.004005,-0.001717,-0.185206,-0.004387,0.004768,0.131418
205,1788745197.026076,-0.020500,0.000000,0.061500,0.000000,0.000000,0.000000,1.000000,0.037576,0.004005,-0.001717,-0.187114,-0.004387,0.004768,0.132563
206,1788745197.028249,-0.020600,0.000000,0.061800,0.000000,0.000000,0.000000,1.000000,0.037957,0.004005,-0.001717,-0.188258,-0.004387,0.004768,0.132944
207,1788745197.030415,-0.020700,0.000000,0.062100,0.000000,0.000000,0.000000,1.000000,0.038339,0.004005,-0.001717,-0.189784,-0.004387,0.004768,0.133707
208,1788745197.032563,-0.020800,0.000000,0.062400,0.000000,0.000000,0.000000,1.000000,0.038720,0.004005,-0.001717,-0.189784,-0.004387,0.004768,0.134470
209,1788745197.034707,-0.020900,0.000000,0.062700,0.000000,0.000000,0.000000,1.000000,0.038720,0.004005,-0.001717,-0.192073,-0.004387,0.004768,0.135233
210,1788745197.036884,-0.021000,0.000000,0.063000,0.000000,0.000000,0.000000,1.000000,0.039102,0.004387,-0.001717,-0.193980,-0.004387,0.004768,0.135614
211,1788745197.039073,-0.021100,0.000000,0.063300,0.000000,0.000000,0.000000,1.000000,0.039483,0.004387,-0.001717,-0.193980,-0.004387,0.004768,0.137903
212,1788745197.041230,-0.021200,0.000000,0.063600,0.000000,0.000000,0.000000,1.000000,0.039865,0.004387,-0.001717,-0.193980,-0.004387,0.004768,0.138666
213,1788745197.043475,-0.021300,0.000000,0.063900,0.000000,0.000000,0.000000,1.000000,0.040246,0.004387,-0.001717,-0.198939,-0.004387,0.004768,0.139811
214,1788745197.045659,-0.021400,0.000000,0.064200,0.000000,0.000000,0.000000,1.000000,0.040627,0.004387,-0.001717,-0.200465,-0.004387,0.004768,0.140955
215,1788745197.047842,-0.021500,0.000000,0.064500,0.000000,0.000000,0.000000,1.000000,0.041009,0.004387,-0.001717,-0.201228,-0.004387,0.004768,0.141718
216,1788745197.050026,-0.021600,0.000000,0.064800,0.000000,0.000000,0.000000,1.000000,0.041390,0.004387,-0.001717,-0.202754,-0.004387,0.004768,0.143244
217,1788745197.052240,-0.021700,0.000000,0.065100,0.000000,0.000000,0.000000,1.000000,0.041772,0.004387,-0.001717,-0.202754,-0.004387,0.004768,0.144007
218,1788745197.054419,-0.021800,0.000000,0.065400,0.000000,0.000000,0.000000,1.000000,0.042153,0.004387,-0.001717,-0.205424,-0.004387,0.004768,0.145151
219,1788745197.056607,-0.021900,0.000000,0.065700,0.000000,0.000000,0.000000,1.000000,0.042535,0.004387,-0.001717,-0.207713,-0.004387,0.004768,0.146677
220,1788745197.058778,-0.022000,0.000000,0.066000,0.000000,0.000000,0.000000,1.000000,0.042916,0.004387,-0.001717,-0.207713,-0.004387,0.004768,0.147440
221,1788745197.060966,-0.022100,0.000000,0.066300,0.000000,0.000000,0.000000,1.000000,0.043679,0.004387,-0.001717,-0.211909,-0.004387,0.004768,0.150873
222,1788745197.063123,-0.022200,0.000000,0.066600,0.000000,0.000000,0.000000,1.000000,0.043679,0.004387,-0.001717,-0.213054,-0.004387,0.004768,0.152018
223,1788745197.065295,-0.022300,0.000000,0.066900,0.000000,0.000000,0.000000,1.000000,0.044061,0.004387,-0.001717,-0.214961,-0.004387,0.004768,0.153543
224,1788745197.067481,-0.022400,0.000000,0.067200,0.000000,0.000000,0.000000,1.000000,0.044442,0.004387,-0.001717,-0.215724,-0.004387,0.004768,0.154688
225,1788745197.069650,-0.022500,0.000000,0.067500,0.000000,0.000000,0.000000,1.000000,0.044824,0.004387,-0.001717,-0.217250,-0.004387,0.004768,0.156214
226,1788745197.071823,-0.022600,0.000000,0.067800,0.000000,0.000000,0.000000,1.000000,0.045205,0.004387,-0.001717,-0.219158,-0.004387,0.004768,0.157359
227,1788745197.074054,-0.022700,0.000000,0.068100,0.000000,0.000000,0.000000,1.000000,0.045587,0.004768,-0.001717,-0.220303,-0.004387,0.004768,0.158504
228,1788745197.076356,-0.022800,0.000000,0.068400,0.000000,0.000000,0.000000,1.000000,0.045587,0.004768,-0.001717,-0.221828,-0.004387,0.004768,0.159648
229,1788745197.078652,-0.022900,0.000000,0.068700,0.000000,0.000000,0.000000,1.000000,0.045968,0.004768,-0.001717,-0.221828,-0.004387,0.004768,0.160029
230,1788745197.080919,-0.023000,0.000000,0.069000,0.000000,0.000000,0.000000,1.000000,0.046350,0.004768,-0.001717,-0.226406,-0.004387,0.004768,0.161937
231,1788745197.083176,-0.023100,0.000000,0.069300,0.000000,0.000000,0.000000,1.000000,0.047112,0.004768,-0.001717,-0.227169,-0.004387,0.004768,0.162318
232,1788745197.085436,-0.023200,0.000000,0.069600,0.000000,0.000000,0.000000,1.000000,0.047494,0.004768,-0.001717,-0.229076,-0.004387,0.004768,0.163463
233,1788745197.087708,-0.023300,0.000000,0.069900,0.000000,0.000000,0.000000,1.000000,0.047494,0.004768,-0.001717,-0.229839,-0.004387,0.004768,0.164607
234,1788745197.089988,-0.023400,0.000000,0.070200,0.000000,0.000000,0.000000,1.000000,0.047875,0.004768,-0.001717,-0.231365,-0.004387,0.004768,0.165370
235,1788745197.092246,-0.023500,0.000000,0.070500,0.000000,0.000000,0.000000,1.000000,0.048257,0.004768,-0.001717,-0.233273,-0.004387,0.004768,0.166514
236,1788745197.094501,-0.023600,0.000000,0.070800,0.000000,0.000000,0.000000,1.000000,0.048638,0.005150,-0.001717,-0.234035,-0.004387,0.004768,0.167277
237,1788745197.096785,-0.023700,0.000000,0.071100,0.000000,0.000000,0.000000,1.000000,0.049020,0.005150,-0.001717,-0.235943,-0.004387,0.004768,0.169185
238,1788745197.099069,-0.023800,0.000000,0.071400,0.000000,0.000000,0.000000,1.000000,0.049401,0.005150,-0.001717,-0.238613,-0.004387,0.004768,0.171092
239,1788745197.101219,-0.023900,0.000000,0.071700,0.000000,0.000000,0.000000,1.000000,0.049783,0.005150,-0.001717,-0.240520,-0.004387,0.004768,0.172618
240,1788745197.103408,-0.024000,0.000000,0.072000,0.000000,0.000000,0.000000,1.000000,0.050164,0.005150,-0.001717,-0.240520,-0.004387,0.005150,0.173762
241,1788745197.105595,-0.024100,0.000000,0.072300,0.000000,0.000000,0.000000,1.000000,0.050546,0.005150,-0.001717,-0.243572,-0.004387,0.005150,0.175670
242,1788745197.107776,-0.024200,0.000000,0.072600,0.000000,0.000000,0.000000,1.000000,0.050546,0.005531,-0.001717,-0.244717,-0.004387,0.004768,0.176814
243,1788745197.109940,-0.024300,0.000000,0.072900,0.000000,0.000000,0.000000,1.000000,0.050927,0.005531,-0.001717,-0.246243,-0.004387,0.004768,0.177958
244,1788745197.112096,-0.024400,0.000000,0.073200,0.000000,0.000000,0.000000,1.000000,0.051309,0.005531,-0.001717,-0.248150,-0.004387,0.004768,0.179866
245,1788745197.114294,-0.024500,0.000000,0.073500,0.000000,0.000000,0.000000,1.000000,0.051690,0.005531,-0.001717,-0.249294,-0.004387,0.004768,0.180629
246,1788745197.116463,-0.024600,0.000000,0.073800,0.000000,0.000000,0.000000,1.000000,0.051690,0.005531,-0.001717,-0.250820,-0.004387,0.004768,0.182155
247,1788745197.118627,-0.024700,0.000000,0.074100,0.000000,0.000000,0.000000,1.000000,0.052072,0.005531,-0.001717,-0.250820,-0.004387,0.004768,0.182536
248,1788745197.120790,-0.024800,0.000000,0.074400,0.000000,0.000000,0.000000,1.000000,0.052453,0.005531,-0.001717,-0.253490,-0.004387,0.005150,0.184062
249,1788745197.122897,-0.024900,0.000000,0.074700,0.000000,0.000000,0.000000,1.000000,0.052835,0.005531,-0.001717,-0.255398,-0.004387,0.004768,0.185588
250,1788745197.125061,-0.025000,0.000000,0.075000,0.000000,0.000000,0.000000,1.000000,0.053597,0.005531,-0.001717,-0.258068,-0.004387,0.005150,0.186732
251,1788745197.127235,-0.025100,0.000000,0.075300,0.000000,0.000000,0.000000,1.000000,0.053597,0.005531,-0.001717,-0.259594,-0.004387,0.004768,0.187495
252,1788745197.129406,-0.025200,0.000000,0.075600,0.000000,0.000000,0.000000,1.000000,0.053979,0.005531,-0.001717,-0.260738,-0.004387,0.004768,0.188258
253,1788745197.131569,-0.025300,0.000000,0.075900,0.000000,0.000000,0.000000,1.000000,0.054360,0.005531,-0.001717,-0.262646,-0.004387,0.005150,0.189403
254,1788745197.133742,-0.025400,0.000000,0.076200,0.000000,0.000000,0.000000,1.000000,0.054742,0.005531,-0.001717,-0.263409,-0.004387,0.005150,0.190166
255,1788745197.135909,-0.025500,0.000000,0.076500,0.000000,0.000000,0.000000,1.000000,0.055123,0.005531,-0.001717,-0.264935,-0.004387,0.005150,0.191691
256,1788745197.138107,-0.025600,0.000000,0.076800,0.000000,0.000000,0.000000,1.000000,0.055505,0.005913,-0.001717,-0.266842,-0.004387,0.005150,0.192836
257,1788745197.140270,-0.025700,0.000000,0.077100,0.000000,0.000000,0.000000,1.000000,0.055505,0.005913,-0.001717,-0.267986,-0.004768,0.005150,0.193980
258,1788745197.142435,-0.025800,0.000000,0.077400,0.000000,0.000000,0.000000,1.000000,0.055886,0.005913,-0.001717,-0.269512,-0.004387,0.005150,0.195506
259,1788745197.144636,-0.025900,0.000000,0.077700,0.000000,0.000000,0.000000,1.000000,0.056268,0.005913,-0.001717,-0.269512,-0.004387,0.005150,0.196651
260,1788745197.146862,-0.026000,0.000000,0.078000,0.000000,0.000000,0.000000,1.000000,0.056649,0.005913,-0.001717,-0.272564,-0.004387,0.005150,0.198176
261,1788745197.149038,-0.026100,0.000000,0.078300,0.000000,0.000000,0.000000,1.000000,0.057031,0.005913,-0.001717,-0.275616,-0.004387,0.005150,0.200847
262,1788745197.151194,-0.026200,0.000000,0.078600,0.000000,0.000000,0.000000,1.000000,0.057412,0.005913,-0.001717,-0.277142,-0.004387,0.005531,0.202373
263,1788745197.153350,-0.026300,0.000000,0.078900,0.000000,0.000000,0.000000,1.000000,0.057412,0.005913,-0.001717,-0.277142,-0.004387,0.005531,0.203517
264,1788745197.155513,-0.026400,0.000000,0.079200,0.000000,0.000000,0.000000,1.000000,0.057794,0.005913,-0.001717,-0.280193,-0.004387,0.005531,0.205043
265,1788745197.157692,-0.026500,0.000000,0.079500,0.000000,0.000000,0.000000,1.000000,0.057794,0.005913,-0.001717,-0.282102,-0.004387,0.005531,0.206569
266,1788745197.160024,-0.026600,0.000000,0.079800,0.000000,0.000000,0.000000,1.000000,0.058175,0.005913,-0.001717,-0.283246,-0.004387,0.005913,0.207332
267,1788745197.162305,-0.026700,0.000000,0.080100,0.000000,0.000000,0.000000,1.000000,0.058175,0.005913,-0.001717,-0.284772,-0.004387,0.005913,0.208858
268,1788745197.164740,-0.026800,0.000000,0.080400,0.000000,0.000000,0.000000,1.000000,0.058557,0.005913,-0.001717,-0.284772,-0.004387,0.005913,0.209239
269,1788745197.167029,-0.026900,0.000000,0.080700,0.000000,0.000000,0.000000,1.000000,0.059319,0.005913,-0.001717,-0.288968,-0.004387,0.005913,0.211528
270,1788745197.169241,-0.027000,0.000000,0.081000,0.000000,0.000000,0.000000,1.000000,0.059701,0.005913,-0.001717,-0.288968,-0.004387,0.005913,0.211909
271,1788745197.171454,-0.027100,0.000000,0.081300,0.000000,0.000000,0.000000,1.000000,0.059701,0.005913,-0.001717,-0.291638,-0.004768,0.005913,0.212672
272,1788745197.173640,-0.027200,0.000000,0.081600,0.000000,0.000000,0.000000,1.000000,0.060082,0.005913,-0.001717,-0.293164,-0.004768,0.005913,0.213817
273,1788745197.175956,-0.027300,0.000000,0.081900,0.000000,0.000000,0.000000,1.000000,0.060464,0.006294,-0.001717,-0.293927,-0.004387,0.006294,0.214198
274,1788745197.178223,-0.027400,0.000000,0.082200,0.000000,0.000000,0.000000,1.000000,0.060845,0.006294,-0.001717,-0.295835,-0.004387,0.006294,0.214961
275,1788745197.180529,-0.027500,0.000000,0.082500,0.000000,0.000000,0.000000,1.000000,0.060845,0.006294,-0.001717,-0.296597,-0.004768,0.006294,0.215724
276,1788745197.182840,-0.027600,0.000000,0.082800,0.000000,0.000000,0.000000,1.000000,0.061227,0.006294,-0.001717,-0.298123,-0.004768,0.006676,0.217250
277,1788745197.185154,-0.027700,0.000000,0.083100,0.000000,0.000000,0.000000,1.000000,0.061608,0.006294,-0.001717,-0.300794,-0.004387,0.007057,0.219540
278,1788745197.187340,-0.027800,0.000000,0.083400,0.000000,0.000000,0.000000,1.000000,0.061990,0.006294,-0.001717,-0.302320,-0.004387,0.007057,0.221447
279,1788745197.189518,-0.027900,0.000000,0.083700,0.000000,0.000000,0.000000,1.000000,0.062371,0.006294,-0.001717,-0.302320,-0.004387,0.007439,0.222210
280,1788745197.191685,-0.028000,0.000000,0.084000,0.000000,0.000000,0.000000,1.000000,0.062371,0.006294,-0.001717,-0.305371,-0.004768,0.007439,0.223736
281,1788745197.193864,-0.028100,0.000000,0.084300,0.000000,0.000000,0.000000,1.000000,0.062753,0.006294,-0.001717,-0.306897,-0.004768,0.007820,0.225643
282,1788745197.196031,-0.028200,0.000000,0.084600,0.000000,0.000000,0.000000,1.000000,0.062753,0.006294,-0.001717,-0.308042,-0.004768,0.007820,0.226406
283,1788745197.198188,-0.028300,0.000000,0.084900,0.000000,0.000000,0.000000,1.000000,0.063134,0.006294,-0.001717,-0.308042,-0.004768,0.007820,0.228313
284,1788745197.200332,-0.028400,0.000000,0.085200,0.000000,0.000000,0.000000,1.000000,0.063134,0.006294,-0.001717,-0.308042,-0.004768,0.007820,0.229458
285,1788745197.202483,-0.028500,0.000000,0.085500,0.000000,0.000000,0.000000,1.000000,0.063516,0.006294,-0.001717,-0.312619,-0.004768,0.007820,0.230984
286,1788745197.204617,-0.028600,0.000000,0.085800,0.000000,0.000000,0.000000,1.000000,0.063897,0.006294,-0.001717,-0.314527,-0.004387,0.008202,0.232510
287,1788745197.206785,-0.028700,0.000000,0.086100,0.000000,0.000000,0.000000,1.000000,0.063897,0.006294,-0.001717,-0.315289,-0.004387,0.008202,0.233654
288,1788745197.208947,-0.028800,0.000000,0.086400,0.000000,0.000000,0.000000,1.000000,0.064279,0.006294,-0.001717,-0.317197,-0.004768,0.007820,0.235943
289,1788745197.211079,-0.028900,0.000000,0.086700,0.000000,0.000000,0.000000,1.000000,0.064279,0.006294,-0.001717,-0.319867,-0.004768,0.008202,0.237087
290,1788745197.213321,-0.029000,0.000000,0.087000,0.000000,0.000000,0.000000,1.000000,0.064660,0.006294,-0.001717,-0.321774,-0.004768,0.007820,0.238232
291,1788745197.215613,-0.029100,0.000000,0.087300,0.000000,0.000000,0.000000,1.000000,0.064660,0.006294,-0.001717,-0.322537,-0.004768,0.007820,0.238995
292,1788745197.217895,-0.029200,0.000000,0.087600,0.000000,0.000000,0.000000,1.000000,0.065042,0.006294,-0.001717,-0.324445,-0.004768,0.008202,0.240520
293,1788745197.220177,-0.029300,0.000000,0.087900,0.000000,0.000000,0.000000,1.000000,0.065423,0.006294,-0.001717,-0.325589,-0.004768,0.008202,0.240902
294,1788745197.222413,-0.029400,0.000000,0.088200,0.000000,0.000000,0.000000,1.000000,0.065423,0.006294,-0.001717,-0.326734,-0.004768,0.008202,0.242428
295,1788745197.224621,-0.029500,0.000000,0.088500,0.000000,0.000000,0.000000,1.000000,0.065804,0.006294,-0.001717,-0.328641,-0.004768,0.008202,0.243954
296,1788745197.226815,-0.029600,0.000000,0.088800,0.000000,0.000000,0.000000,1.000000,0.065804,0.006294,-0.001717,-0.328641,-0.004768,0.008202,0.244717
297,1788745197.228995,-0.029700,0.000000,0.089100,0.000000,0.000000,0.000000,1.000000,0.066186,0.006294,-0.001717,-0.331311,-0.004768,0.008583,0.247387
298,1788745197.231234,-0.029800,0.000000,0.089400,0.000000,0.000000,0.000000,1.000000,0.066567,0.006294,-0.001717,-0.333982,-0.004387,0.008202,0.248531
299,1788745197.233444,-0.029900,0.000000,0.089700,0.000000,0.000000,0.000000,1.000000,0.066567,0.006294,-0.001717,-0.335507,-0.004768,0.008583,0.250057
300,1788745197.235615,-0.030000,0.000000,0.090000,0.000000,0.000000,0.000000,1.000000,0.066949,0.006294,-0.001717,-0.335507,-0.004768,0.008202,0.250820
301,1788745197.237788,-0.030100,0.000000,0.090300,0.000000,0.000000,0.000000,1.000000,0.067330,0.006294,-0.001717,-0.338178,-0.004387,0.008202,0.252346
302,1788745197.239942,-0.030200,0.000000,0.090600,0.000000,0.000000,0.000000,1.000000,0.067330,0.006294,-0.001717,-0.338178,-0.004768,0.008202,0.253109
303,1788745197.242075,-0.030300,0.000000,0.090900,0.000000,0.000000,0.000000,1.000000,0.067712,0.006294,-0.001717,-0.341229,-0.004768,0.008202,0.255016
304,1788745197.244231,-0.030400,0.000000,0.091200,0.000000,0.000000,0.000000,1.000000,0.067712,0.006676,-0.001717,-0.342755,-0.004768,0.008202,0.256161
305,1788745197.246402,-0.030500,0.000000,0.091500,0.000000,0.000000,0.000000,1.000000,0.068093,0.006676,-0.001717,-0.342755,-0.004768,0.008202,0.257305
306,1788745197.248551,-0.030600,0.000000,0.091800,0.000000,0.000000,0.000000,1.000000,0.068093,0.006676,-0.001717,-0.345808,-0.004768,0.008583,0.258831
307,1788745197.250724,-0.030700,0.000000,0.092100,0.000000,0.000000,0.000000,1.000000,0.068475,0.006676,-0.001717,-0.347334,-0.004768,0.008583,0.260357
308,1788745197.252909,-0.030800,0.000000,0.092400,0.000000,0.000000,0.000000,1.000000,0.068856,0.006676,-0.001717,-0.350004,-0.004768,0.008583,0.263027
309,1788745197.255071,-0.030900,0.000000,0.092700,0.000000,0.000000,0.000000,1.000000,0.069238,0.006676,-0.001717,-0.350004,-0.004768,0.008202,0.263790
310,1788745197.257227,-0.031000,0.000000,0.093000,0.000000,0.000000,0.000000,1.000000,0.069619,0.006676,-0.001717,-0.352674,-0.004768,0.008583,0.264935
311,1788745197.259391,-0.031100,0.000000,0.093300,0.000000,0.000000,0.000000,1.000000,0.070001,0.006676,-0.001717,-0.354582,-0.004768,0.008202,0.266460
312,1788745197.261530,-0.031200,0.000000,0.093600,0.000000,0.000000,0.000000,1.000000,0.070001,0.006676,-0.001717,-0.355726,-0.004768,0.008202,0.267223
313,1788745197.263664,-0.031300,0.000000,0.093900,0.000000,0.000000,0.000000,1.000000,0.070382,0.006676,-0.001717,-0.357252,-0.004768,0.008583,0.268368
314,1788745197.265811,-0.031400,0.000000,0.094200,0.000000,0.000000,0.000000,1.000000,0.070382,0.006676,-0.001717,-0.357252,-0.004768,0.008202,0.269131
315,1788745197.268075,-0.031500,0.000000,0.094500,0.000000,0.000000,0.000000,1.000000,0.070764,0.006676,-0.001717,-0.359922,-0.004768,0.008583,0.270275
316,1788745197.270256,-0.031600,0.000000,0.094800,0.000000,0.000000,0.000000,1.000000,0.070764,0.007057,-0.001717,-0.361448,-0.004768,0.008202,0.271801
317,1788745197.272424,-0.031700,0.000000,0.095100,0.000000,0.000000,0.000000,1.000000,0.071145,0.007057,-0.001717,-0.361448,-0.004768,0.008583,0.272564
318,1788745197.274592,-0.031800,0.000000,0.095400,0.000000,0.000000,0.000000,1.000000,0.071145,0.007057,-0.001717,-0.364500,-0.004768,0.008583,0.274471
319,1788745197.276781,-0.031900,0.000000,0.095700,0.000000,0.000000,0.000000,1.000000,0.071527,0.007057,-0.001717,-0.364500,-0.004768,0.008583,0.275234
320,1788745197.278949,-0.032000,0.000000,0.096000,0.000000,0.000000,0.000000,1.000000,0.071908,0.007057,-0.001717,-0.368696,-0.004768,0.008583,0.278286
321,1788745197.281147,-0.032100,0.000000,0.096300,0.000000,0.000000,0.000000,1.000000,0.072289,0.007057,-0.001717,-0.369841,-0.004768,0.008583,0.279049
322,1788745197.283425,-0.032200,0.000000,0.096600,0.000000,0.000000,0.000000,1.000000,0.072289,0.007057,-0.001717,-0.371748,-0.004768,0.008202,0.280956
323,1788745197.285690,-0.032300,0.000000,0.096900,0.000000,0.000000,0.000000,1.000000,0.072671,0.007057,-0.001717,-0.373274,-0.004768,0.008583,0.282102
324,1788745197.287956,-0.032400,0.000000,0.097200,0.000000,0.000000,0.000000,1.000000,0.072671,0.007057,-0.001717,-0.374418,-0.004768,0.008583,0.283246
325,1788745197.290171,-0.032500,0.000000,0.097500,0.000000,0.000000,0.000000,1.000000,0.073052,0.007057,-0.001717,-0.376326,-0.004768,0.008583,0.284772
326,1788745197.292419,-0.032600,0.000000,0.097800,0.000000,0.000000,0.000000,1.000000,0.073434,0.007057,-0.001717,-0.376326,-0.004768,0.008583,0.285535
327,1788745197.294662,-0.032700,0.000000,0.098100,0.000000,0.000000,0.000000,1.000000,0.073434,0.007057,-0.001717,-0.378996,-0.004768,0.008583,0.287442
328,1788745197.296920,-0.032800,0.000000,0.098400,0.000000,0.000000,0.000000,1.000000,0.073815,0.007057,-0.001717,-0.381666,-0.004768,0.008583,0.289731
329,1788745197.299177,-0.032900,0.000000,0.098700,0.000000,0.000000,0.000000,1.000000,0.074197,0.007057,-0.001717,-0.383574,-0.004768,0.008583,0.291257
330,1788745197.301422,-0.033000,0.000000,0.099000,0.000000,0.000000,0.000000,1.000000,0.074197,0.007439,-0.001717,-0.383574,-0.004768,0.008583,0.292020
331,1788745197.303686,-0.033100,0.000000,0.099300,0.000000,0.000000,0.000000,1.000000,0.074578,0.007439,-0.001717,-0.386244,-0.004768,0.008583,0.293164
332,1788745197.305956,-0.033200,0.000000,0.099600,0.000000,0.000000,0.000000,1.000000,0.074578,0.007439,-0.001717,-0.388151,-0.004768,0.008583,0.294309
333,1788745197.308193,-0.033300,0.000000,0.099900,0.000000,0.000000,0.000000,1.000000,0.074960,0.007439,-0.001717,-0.388151,-0.004768,0.008583,0.295072
334,1788745197.310456,-0.033400,0.000000,0.100200,0.000000,0.000000,0.000000,1.000000,0.074960,0.007439,-0.001717,-0.390821,-0.004768,0.008583,0.296216
335,1788745197.312706,-0.033500,0.000000,0.100500,0.000000,0.000000,0.000000,1.000000,0.075341,0.007439,-0.001717,-0.391584,-0.004768,0.008583,0.296979
336,1788745197.314967,-0.033600,0.000000,0.100800,0.000000,0.000000,0.000000,1.000000,0.075723,0.007439,-0.001717,-0.395018,-0.004768,0.008583,0.300031
337,1788745197.317236,-0.033700,0.000000,0.101100,0.000000,0.000000,0.000000,1.000000,0.076104,0.007439,-0.001717,-0.395781,-0.004768,0.008583,0.300794
338,1788745197.319502,-0.033800,0.000000,0.101400,0.000000,0.000000,0.000000,1.000000,0.076104,0.007820,-0.001717,-0.397688,-0.004768,0.008583,0.301938
339,1788745197.321751,-0.033900,0.000000,0.101700,0.000000,0.000000,0.000000,1.000000,0.076486,0.007820,-0.001717,-0.399214,-0.004768,0.008583,0.303464
340,1788745197.324017,-0.034000,0.000000,0.102000,0.000000,0.000000,0.000000,1.000000,0.076486,0.007820,-0.001717,-0.400358,-0.004768,0.008583,0.304227
341,1788745197.326275,-0.034100,0.000000,0.102300,0.000000,0.000000,0.000000,1.000000,0.076486,0.007820,-0.001717,-0.401884,-0.004768,0.008583,0.305753
342,1788745197.328524,-0.034200,0.000000,0.102600,0.000000,0.000000,0.000000,1.000000,0.076867,0.007820,-0.001717,-0.401884,-0.004768,0.008583,0.306516
343,1788745197.330768,-0.034300,0.000000,0.102900,0.000000,0.000000,0.000000,1.000000,0.076867,0.007820,-0.001717,-0.404936,-0.004768,0.008583,0.308042
344,1788745197.333025,-0.034400,0.000000,0.103200,0.000000,0.000000,0.000000,1.000000,0.077249,0.008202,-0.001717,-0.407607,-0.004768,0.008583,0.310712
345,1788745197.335340,-0.034500,0.000000,0.103500,0.000000,0.000000,0.000000,1.000000,0.077630,0.008202,-0.001717,-0.409514,-0.004768,0.008583,0.312238
346,1788745197.337660,-0.034600,0.000000,0.103800,0.000000,0.000000,0.000000,1.000000,0.077630,0.008202,-0.001717,-0.410277,-0.004768,0.008583,0.313001
347,1788745197.339951,-0.034700,0.000000,0.104100,0.000000,0.000000,0.000000,1.000000,0.078012,0.008202,-0.001717,-0.411803,-0.004768,0.008583,0.314145
348,1788745197.342182,-0.034800,0.000000,0.104400,0.000000,0.000000,0.000000,1.000000,0.078012,0.008583,-0.001717,-0.413711,-0.004768,0.008583,0.315671
349,1788745197.344385,-0.034900,0.000000,0.104700,0.000000,0.000000,0.000000,1.000000,0.078012,0.008583,-0.001717,-0.414855,-0.004768,0.008583,0.316434
350,1788745197.346566,-0.035000,0.000000,0.105000,0.000000,0.000000,0.000000,1.000000,0.078393,0.008583,-0.001717,-0.416381,-0.004768,0.008583,0.317960
351,1788745197.348749,-0.035100,0.000000,0.105300,0.000000,0.000000,0.000000,1.000000,0.078393,0.008583,-0.001717,-0.416381,-0.004768,0.008965,0.318341
352,1788745197.350917,-0.035200,0.000000,0.105600,0.000000,0.000000,0.000000,1.000000,0.078774,0.008583,-0.001717,-0.420196,-0.004768,0.008583,0.320249
353,1788745197.353074,-0.035300,0.000000,0.105900,0.000000,0.000000,0.000000,1.000000,0.079156,0.008583,-0.001717,-0.420196,-0.004768,0.008583,0.321012
354,1788745197.355360,-0.035400,0.000000,0.106200,0.000000,0.000000,0.000000,1.000000,0.079537,0.008965,-0.001717,-0.422866,-0.004768,0.008583,0.322537
355,1788745197.357550,-0.035500,0.000000,0.106500,0.000000,0.000000,0.000000,1.000000,0.079537,0.008965,-0.001717,-0.424010,-0.004768,0.008583,0.323300
356,1788745197.359725,-0.035600,0.000000,0.106800,0.000000,0.000000,0.000000,1.000000,0.079919,0.008965,-0.001717,-0.425536,-0.004768,0.008583,0.324445
357,1788745197.361898,-0.035700,0.000000,0.107100,0.000000,0.000000,0.000000,1.000000,0.079919,0.008965,-0.001717,-0.427062,-0.004768,0.008583,0.325971
358,1788745197.364218,-0.035800,0.000000,0.107400,0.000000,0.000000,0.000000,1.000000,0.079919,0.009346,-0.001717,-0.427825,-0.004768,0.008583,0.327115
359,1788745197.366506,-0.035900,0.000000,0.107700,0.000000,0.000000,0.000000,1.000000,0.079919,0.009346,-0.001717,-0.429732,-0.004768,0.008965,0.329022
360,1788745197.368696,-0.036000,0.000000,0.108000,0.000000,0.000000,0.000000,1.000000,0.080300,0.009346,-0.001717,-0.431258,-0.004768,0.008965,0.330548
361,1788745197.370952,-0.036100,0.000000,0.108300,0.000000,0.000000,0.000000,1.000000,0.080300,0.009346,-0.001717,-0.433928,-0.004768,0.008965,0.333600
362,1788745197.373199,-0.036200,0.000000,0.108600,0.000000,0.000000,0.000000,1.000000,0.080682,0.009727,-0.001717,-0.433928,-0.004768,0.008965,0.334744
363,1788745197.375533,-0.036300,0.000000,0.108900,0.000000,0.000000,0.000000,1.000000,0.081063,0.009727,-0.001717,-0.436980,-0.004768,0.008965,0.336652
364,1788745197.377831,-0.036400,0.000000,0.109200,0.000000,0.000000,0.000000,1.000000,0.081063,0.010109,-0.001717,-0.438506,-0.004768,0.008965,0.338559
365,1788745197.380156,-0.036500,0.000000,0.109500,0.000000,0.000000,0.000000,1.000000,0.081445,0.010109,-0.001717,-0.439651,-0.004768,0.008965,0.339704
366,1788745197.382436,-0.036600,0.000000,0.109800,0.000000,0.000000,0.000000,1.000000,0.081445,0.010109,-0.001717,-0.439651,-0.004768,0.008965,0.341229
367,1788745197.384709,-0.036700,0.000000,0.110100,0.000000,0.000000,0.000000,1.000000,0.081826,0.010109,-0.001717,-0.439651,-0.004768,0.008965,0.341992
368,1788745197.387147,-0.036800,0.000000,0.110400,0.000000,0.000000,0.000000,1.000000,0.082208,0.010490,-0.001717,-0.445373,-0.004768,0.009346,0.344664
369,1788745197.389609,-0.036900,0.000000,0.110700,0.000000,0.000000,0.000000,1.000000,0.082208,0.010490,-0.001717,-0.446136,-0.004768,0.009346,0.345427
370,1788745197.392044,-0.037000,0.000000,0.111000,0.000000,0.000000,0.000000,1.000000,0.082589,0.010872,-0.001717,-0.448043,-0.004768,0.009346,0.346189
371,1788745197.394550,-0.037100,0.000000,0.111300,0.000000,0.000000,0.000000,1.000000,0.082589,0.010872,-0.001717,-0.448806,-0.004768,0.009346,0.346952
372,1788745197.397233,-0.037200,0.000000,0.111600,0.000000,0.000000,0.000000,1.000000,0.082971,0.010872,-0.001717,-0.451858,-0.004768,0.009727,0.348860
373,1788745197.399423,-0.037300,0.000000,0.111900,0.000000,0.000000,0.000000,1.000000,0.082971,0.011253,-0.001717,-0.451858,-0.004768,0.010109,0.349623
374,1788745197.401841,-0.037400,0.000000,0.112200,0.000000,0.000000,0.000000,1.000000,0.083352,0.011253,-0.002098,-0.454146,-0.004768,0.010109,0.350767
375,1788745197.404344,-0.037500,0.000000,0.112500,0.000000,0.000000,0.000000,1.000000,0.083352,0.011253,-0.002098,-0.455291,-0.004768,0.010109,0.351530
376,1788745197.406678,-0.037600,0.000000,0.112800,0.000000,0.000000,0.000000,1.000000,0.083734,0.011253,-0.002098,-0.456435,-0.004768,0.010490,0.353056
377,1788745197.408929,-0.037700,0.000000,0.113100,0.000000,0.000000,0.000000,1.000000,0.084115,0.011253,-0.002098,-0.458343,-0.004768,0.010872,0.355345
378,1788745197.411256,-0.037800,0.000000,0.113400,0.000000,0.000000,0.000000,1.000000,0.084496,0.011635,-0.002098,-0.460631,-0.004768,0.010872,0.356871
379,1788745197.413618,-0.037900,0.000000,0.113700,0.000000,0.000000,0.000000,1.000000,0.084496,0.011635,-0.002098,-0.461776,-0.004768,0.010872,0.358015
380,1788745197.415935,-0.038000,0.000000,0.114000,0.000000,0.000000,0.000000,1.000000,0.084878,0.011635,-0.002098,-0.463302,-0.004768,0.011253,0.359541
381,1788745197.418240,-0.038100,0.000000,0.114300,0.000000,0.000000,0.000000,1.000000,0.084878,0.011635,-0.002098,-0.465209,-0.004768,0.011253,0.360685
382,1788745197.420659,-0.038200,0.000000,0.114600,0.000000,0.000000,0.000000,1.000000,0.084878,0.011635,-0.002098,-0.465209,-0.004768,0.011253,0.361448
383,1788745197.423076,-0.038300,0.000000,0.114900,0.000000,0.000000,0.000000,1.000000,0.085259,0.012016,-0.002098,-0.468642,-0.004768,0.011635,0.364119
384,1788745197.425261,-0.038400,0.000000,0.115200,0.000000,0.000000,0.000000,1.000000,0.085641,0.012016,-0.002098,-0.470169,-0.004768,0.011635,0.365263
385,1788745197.427422,-0.038500,0.000000,0.115500,0.000000,0.000000,0.000000,1.000000,0.085641,0.012398,-0.002098,-0.471695,-0.004768,0.011635,0.366789
386,1788745197.429565,-0.038600,0.000000,0.115800,0.000000,0.000000,0.000000,1.000000,0.086022,0.012398,-0.002098,-0.471695,-0.004768,0.011635,0.367933
387,1788745197.431697,-0.038700,0.000000,0.116100,0.000000,0.000000,0.000000,1.000000,0.086022,0.012398,-0.002098,-0.474365,-0.004768,0.011635,0.369459
388,1788745197.433845,-0.038800,0.000000,0.116400,0.000000,0.000000,0.000000,1.000000,0.086404,0.012779,-0.002098,-0.475891,-0.004768,0.012016,0.370985
389,1788745197.436084,-0.038900,0.000000,0.116700,0.000000,0.000000,0.000000,1.000000,0.086404,0.012779,-0.002098,-0.476654,-0.004768,0.012016,0.371748
390,1788745197.438256,-0.039000,0.000000,0.117000,0.000000,0.000000,0.000000,1.000000,0.086404,0.012779,-0.002098,-0.478180,-0.004768,0.012016,0.373655
391,1788745197.440430,-0.039100,0.000000,0.117300,0.000000,0.000000,0.000000,1.000000,0.086404,0.012779,-0.002098,-0.478180,-0.004768,0.012016,0.374800
392,1788745197.442604,-0.039200,0.000000,0.117600,0.000000,0.000000,0.000000,1.000000,0.086785,0.013161,-0.002098,-0.480850,-0.004768,0.012016,0.376707
393,1788745197.444771,-0.039300,0.000000,0.117900,0.000000,0.000000,0.000000,1.000000,0.086785,0.013161,-0.002098,-0.482376,-0.004768,0.012016,0.378233
394,1788745197.446935,-0.039400,0.000000,0.118200,0.000000,0.000000,0.000000,1.000000,0.087167,0.013161,-0.002098,-0.485046,-0.004768,0.012016,0.380522
395,1788745197.449121,-0.039500,0.000000,0.118500,0.000000,0.000000,0.000000,1.000000,0.087167,0.013161,-0.002098,-0.485046,-0.004768,0.012016,0.381666
396,1788745197.451393,-0.039600,0.000000,0.118800,0.000000,0.000000,0.000000,1.000000,0.087548,0.013161,-0.002098,-0.487335,-0.004768,0.012016,0.383192
397,1788745197.453640,-0.039700,0.000000,0.119100,0.000000,0.000000,0.000000,1.000000,0.087548,0.013161,-0.002098,-0.488861,-0.004768,0.012016,0.384718
398,1788745197.455910,-0.039800,0.000000,0.119400,0.000000,0.000000,0.000000,1.000000,0.087930,0.013161,-0.002098,-0.490005,-0.004768,0.012016,0.385862
399,1788745197.458190,-0.039900,0.000000,0.119700,0.000000,0.000000,0.000000,1.000000,0.087930,0.013161,-0.002098,-0.491150,-0.004768,0.012016,0.387007
400,1788745197.460453,-0.040000,0.000000,0.120000,0.000000,0.000000,0.000000,1.000000,0.087930,0.013161,-0.002098,-0.491150,-0.004768,0.012016,0.387388
401,1788745197.462735,-0.040100,0.000000,0.120300,0.000000,0.000000,0.000000,1.000000,0.088311,0.013542,-0.002098,-0.493439,-0.004768,0.012016,0.388914
402,1788745197.465057,-0.040200,0.000000,0.120600,0.000000,0.000000,0.000000,1.000000,0.088311,0.013542,-0.002098,-0.494965,-0.004768,0.012016,0.390821
403,1788745197.467378,-0.040300,0.000000,0.120900,0.000000,0.000000,0.000000,1.000000,0.088311,0.013542,-0.002098,-0.497253,-0.004768,0.012016,0.391584
404,1788745197.469678,-0.040400,0.000000,0.121200,0.000000,0.000000,0.000000,1.000000,0.088311,0.013924,-0.002098,-0.498398,-0.004768,0.012016,0.392347
405,1788745197.471914,-0.040500,0.000000,0.121500,0.000000,0.000000,0.000000,1.000000,0.088693,0.013924,-0.002098,-0.499542,-0.004768,0.012016,0.393492
406,1788745197.474296,-0.040600,0.000000,0.121800,0.000000,0.000000,0.000000,1.000000,0.088693,0.013924,-0.002098,-0.501068,-0.004768,0.012016,0.394636
407,1788745197.476588,-0.040700,0.000000,0.122100,0.000000,0.000000,0.000000,1.000000,0.088693,0.013924,-0.002098,-0.502213,-0.004768,0.012016,0.395018
408,1788745197.479006,-0.040800,0.000000,0.122400,0.000000,0.000000,0.000000,1.000000,0.089074,0.014305,-0.002098,-0.504883,-0.004768,0.012016,0.397306
409,1788745197.481249,-0.040900,0.000000,0.122700,0.000000,0.000000,0.000000,1.000000,0.089074,0.014305,-0.002098,-0.505646,-0.004768,0.012016,0.398069
410,1788745197.483468,-0.041000,0.000000,0.123000,0.000000,0.000000,0.000000,1.000000,0.089456,0.014687,-0.002098,-0.507172,-0.004768,0.012016,0.399595
411,1788745197.485870,-0.041100,0.000000,0.123300,0.000000,0.000000,0.000000,1.000000,0.089456,0.014687,-0.002098,-0.507172,-0.004768,0.012016,0.400358
412,1788745197.488051,-0.041200,0.000000,0.123600,0.000000,0.000000,0.000000,1.000000,0.089456,0.014687,-0.002098,-0.509460,-0.004768,0.012398,0.401884
413,1788745197.490456,-0.041300,0.000000,0.123900,0.000000,0.000000,0.000000,1.000000,0.089456,0.014687,-0.002098,-0.510986,-0.004768,0.012398,0.403791
414,1788745197.493089,-0.041400,0.000000,0.124200,0.000000,0.000000,0.000000,1.000000,0.089837,0.015068,-0.002098,-0.513275,-0.004768,0.012398,0.406463
415,1788745197.495275,-0.041500,0.000000,0.124500,0.000000,0.000000,0.000000,1.000000,0.089837,0.015068,-0.002098,-0.513275,-0.004768,0.012398,0.407989
416,1788745197.497573,-0.041600,0.000000,0.124800,0.000000,0.000000,0.000000,1.000000,0.089837,0.015068,-0.002098,-0.515945,-0.004768,0.012398,0.409514
417,1788745197.500012,-0.041700,0.000000,0.125100,0.000000,0.000000,0.000000,1.000000,0.090219,0.015068,-0.002098,-0.517471,-0.004768,0.012398,0.411422
418,1788745197.502259,-0.041800,0.000000,0.125400,0.000000,0.000000,0.000000,1.000000,0.090219,0.015068,-0.002098,-0.517471,-0.004768,0.012398,0.412566
419,1788745197.504461,-0.041900,0.000000,0.125700,0.000000,0.000000,0.000000,1.000000,0.090219,0.015450,-0.002098,-0.520142,-0.004768,0.012398,0.414092
420,1788745197.506767,-0.042000,0.000000,0.126000,0.000000,0.000000,0.000000,1.000000,0.090219,0.015450,-0.002098,-0.520142,-0.004768,0.012398,0.415236
421,1788745197.509076,-0.042100,0.000000,0.126300,0.000000,0.000000,0.000000,1.000000,0.090600,0.015450,-0.002098,-0.523956,-0.004768,0.012398,0.418288
422,1788745197.511387,-0.042200,0.000000,0.126600,0.000000,0.000000,0.000000,1.000000,0.090600,0.015450,-0.002098,-0.523956,-0.004768,0.012398,0.419433
423,1788745197.513710,-0.042300,0.000000,0.126900,0.000000,0.000000,0.000000,1.000000,0.090600,0.015450,-0.002098,-0.526245,-0.004768,0.012398,0.420959
424,1788745197.516046,-0.042400,0.000000,0.127200,0.000000,0.000000,0.000000,1.000000,0.090600,0.015450,-0.002098,-0.527771,-0.004768,0.012398,0.422103
425,1788745197.518342,-0.042500,0.000000,0.127500,0.000000,0.000000,0.000000,1.000000,0.090981,0.015450,-0.002098,-0.528534,-0.004768,0.012398,0.422866
426,1788745197.520660,-0.042600,0.000000,0.127800,0.000000,0.000000,0.000000,1.000000,0.090981,0.015831,-0.002098,-0.530060,-0.004768,0.012398,0.424010
427,1788745197.522927,-0.042700,0.000000,0.128100,0.000000,0.000000,0.000000,1.000000,0.091363,0.015831,-0.002098,-0.532350,-0.004768,0.012398,0.425918
428,1788745197.525372,-0.042800,0.000000,0.128400,0.000000,0.000000,0.000000,1.000000,0.091363,0.015831,-0.002098,-0.533875,-0.004768,0.012398,0.427062
429,1788745197.527903,-0.042900,0.000000,0.128700,0.000000,0.000000,0.000000,1.000000,0.091363,0.015831,-0.002098,-0.534638,-0.004768,0.012398,0.427444
430,1788745197.530527,-0.043000,0.000000,0.129000,0.000000,0.000000,0.000000,1.000000,0.091363,0.015831,-0.002098,-0.536164,-0.004768,0.012398,0.428588
431,1788745197.532703,-0.043100,0.000000,0.129300,0.000000,0.000000,0.000000,1.000000,0.091363,0.015831,-0.002098,-0.536164,-0.004768,0.012398,0.429351
432,1788745197.535459,-0.043200,0.000000,0.129600,0.000000,0.000000,0.000000,1.000000,0.091744,0.015831,-0.002098,-0.539598,-0.004768,0.012398,0.432403
433,1788745197.537969,-0.043300,0.000000,0.129900,0.000000,0.000000,0.000000,1.000000,0.091744,0.015831,-0.002098,-0.539598,-0.004768,0.012398,0.433166
434,1788745197.540416,-0.043400,0.000000,0.130200,0.000000,0.000000,0.000000,1.000000,0.091744,0.015831,-0.002098,-0.541886,-0.004768,0.012398,0.434691
435,1788745197.542717,-0.043500,0.000000,0.130500,0.000000,0.000000,0.000000,1.000000,0.091744,0.015831,-0.002098,-0.543031,-0.004768,0.012779,0.435836
436,1788745197.545061,-0.043600,0.000000,0.130800,0.000000,0.000000,0.000000,1.000000,0.092126,0.015831,-0.002098,-0.546082,-0.004768,0.012398,0.438888
437,1788745197.547500,-0.043700,0.000000,0.131100,0.000000,0.000000,0.000000,1.000000,0.092126,0.015831,-0.002098,-0.546845,-0.004768,0.012398,0.439651
438,1788745197.549675,-0.043800,0.000000,0.131400,0.000000,0.000000,0.000000,1.000000,0.092126,0.015831,-0.002098,-0.548371,-0.004768,0.012398,0.441176
439,1788745197.552052,-0.043900,0.000000,0.131700,0.000000,0.000000,0.000000,1.000000,0.092126,0.015831,-0.002098,-0.548371,-0.004768,0.012398,0.441939
440,1788745197.554430,-0.044000,0.000000,0.132000,0.000000,0.000000,0.000000,1.000000,0.092126,0.015831,-0.002098,-0.550660,-0.004768,0.012779,0.443465
441,1788745197.556872,-0.044100,0.000000,0.132300,0.000000,0.000000,0.000000,1.000000,0.092126,0.015831,-0.002098,-0.552186,-0.004768,0.012779,0.444610
442,1788745197.559234,-0.044200,0.000000,0.132600,0.000000,0.000000,0.000000,1.000000,0.092507,0.015831,-0.002098,-0.552186,-0.004768,0.012779,0.446517
443,1788745197.561520,-0.044300,0.000000,0.132900,0.000000,0.000000,0.000000,1.000000,0.092507,0.015831,-0.002098,-0.555619,-0.004768,0.012779,0.447280
444,1788745197.563783,-0.044400,0.000000,0.133200,0.000000,0.000000,0.000000,1.000000,0.092507,0.015831,-0.002098,-0.556382,-0.004768,0.012779,0.448043
445,1788745197.566076,-0.044500,0.000000,0.133500,0.000000,0.000000,0.000000,1.000000,0.092507,0.015831,-0.002098,-0.557908,-0.004768,0.012779,0.449187
446,1788745197.568391,-0.044600,0.000000,0.133800,0.000000,0.000000,0.000000,1.000000,0.092507,0.015831,-0.002098,-0.558671,-0.004768,0.012779,0.449950
447,1788745197.570657,-0.044700,0.000000,0.134100,0.000000,0.000000,0.000000,1.000000,0.092507,0.015831,-0.002098,-0.559815,-0.004768,0.012779,0.450713
448,1788745197.573025,-0.044800,0.000000,0.134400,0.000000,0.000000,0.000000,1.000000,0.092507,0.015831,-0.002098,-0.562104,-0.005150,0.012779,0.452621
449,1788745197.575322,-0.044900,0.000000,0.134700,0.000000,0.000000,0.000000,1.000000,0.092889,0.015831,-0.002098,-0.563630,-0.004768,0.012779,0.454146
450,1788745197.577624,-0.045000,0.000000,0.135000,0.000000,0.000000,0.000000,1.000000,0.092889,0.015831,-0.002098,-0.564393,-0.004768,0.012779,0.454909
451,1788745197.579915,-0.045100,0.000000,0.135300,0.000000,0.000000,0.000000,1.000000,0.092889,0.015831,-0.002098,-0.565919,-0.004768,0.012779,0.456054
452,1788745197.582193,-0.045200,0.000000,0.135600,0.000000,0.000000,0.000000,1.000000,0.092889,0.015831,-0.002098,-0.567445,-0.004768,0.012779,0.457961
453,1788745197.584437,-0.045300,0.000000,0.135900,0.000000,0.000000,0.000000,1.000000,0.092889,0.015831,-0.002098,-0.567445,-0.004768,0.012779,0.458724
454,1788745197.586717,-0.045400,0.000000,0.136200,0.000000,0.000000,0.000000,1.000000,0.092889,0.015831,-0.002098,-0.569734,-0.004768,0.012779,0.461013
455,1788745197.589034,-0.045500,0.000000,0.136500,0.000000,0.000000,0.000000,1.000000,0.092889,0.015831,-0.002098,-0.572404,-0.004768,0.012779,0.464065
456,1788745197.591367,-0.045600,0.000000,0.136800,0.000000,0.000000,0.000000,1.000000,0.092889,0.015831,-0.002098,-0.573548,-0.005150,0.012779,0.465972
457,1788745197.593664,-0.045700,0.000000,0.137100,0.000000,0.000000,0.000000,1.000000,0.092889,0.015831,-0.002098,-0.573548,-0.004768,0.012779,0.467116
458,1788745197.595952,-0.045800,0.000000,0.137400,0.000000,0.000000,0.000000,1.000000,0.092889,0.015831,-0.002098,-0.576219,-0.004768,0.013161,0.469025
459,1788745197.598086,-0.045900,0.000000,0.137700,0.000000,0.000000,0.000000,1.000000,0.092889,0.015831,-0.002098,-0.577744,-0.004768,0.013161,0.470551
460,1788745197.600342,-0.046000,0.000000,0.138000,0.000000,0.000000,0.000000,1.000000,0.092889,0.015831,-0.002098,-0.578507,-0.004768,0.013161,0.471313
461,1788745197.602580,-0.046100,0.000000,0.138300,0.000000,0.000000,0.000000,1.000000,0.092889,0.015831,-0.002098,-0.580033,-0.004768,0.013161,0.472458
462,1788745197.604848,-0.046200,0.000000,0.138600,0.000000,0.000000,0.000000,1.000000,0.092889,0.015831,-0.002098,-0.580033,-0.004768,0.013161,0.473221
463,1788745197.607230,-0.046300,0.000000,0.138900,0.000000,0.000000,0.000000,1.000000,0.092889,0.015831,-0.002480,-0.583467,-0.004768,0.013161,0.475510
464,1788745197.609585,-0.046400,0.000000,0.139200,0.000000,0.000000,0.000000,1.000000,0.092889,0.015831,-0.002480,-0.584229,-0.004768,0.013161,0.475891
465,1788745197.611978,-0.046500,0.000000,0.139500,0.000000,0.000000,0.000000,1.000000,0.092889,0.015831,-0.002480,-0.585755,-0.004768,0.013542,0.476273
466,1788745197.614164,-0.046600,0.000000,0.139800,0.000000,0.000000,0.000000,1.000000,0.092889,0.015831,-0.002480,-0.585755,-0.004768,0.013542,0.477036
467,1788745197.616499,-0.046700,0.000000,0.140100,0.000000,0.000000,0.000000,1.000000,0.092889,0.015831,-0.002861,-0.587663,-0.004768,0.013542,0.478180
468,1788745197.618784,-0.046800,0.000000,0.140400,0.000000,0.000000,0.000000,1.000000,0.092889,0.015831,-0.002861,-0.588807,-0.004768,0.013924,0.479324
469,1788745197.621088,-0.046900,0.000000,0.140700,0.000000,0.000000,0.000000,1.000000,0.093270,0.016212,-0.002861,-0.591096,-0.004768,0.014305,0.481232
470,1788745197.623431,-0.047000,0.000000,0.141000,0.000000,0.000000,0.000000,1.000000,0.093270,0.016212,-0.002861,-0.591096,-0.004768,0.014687,0.482376
471,1788745197.625761,-0.047100,0.000000,0.141300,0.000000,0.000000,0.000000,1.000000,0.093270,0.016212,-0.002861,-0.593003,-0.004768,0.015450,0.483902
472,1788745197.627971,-0.047200,0.000000,0.141600,0.000000,0.000000,0.000000,1.000000,0.093270,0.016212,-0.002861,-0.594530,-0.004768,0.015831,0.485809
473,1788745197.630302,-0.047300,0.000000,0.141900,0.000000,0.000000,0.000000,1.000000,0.093270,0.016212,-0.002861,-0.594530,-0.004768,0.015831,0.486572
474,1788745197.632561,-0.047400,0.000000,0.142200,0.000000,0.000000,0.000000,1.000000,0.093270,0.016212,-0.002861,-0.596819,-0.005150,0.015831,0.488480
475,1788745197.634887,-0.047500,0.000000,0.142500,0.000000,0.000000,0.000000,1.000000,0.093270,0.016212,-0.002861,-0.599489,-0.005150,0.015450,0.491531
476,1788745197.637282,-0.047600,0.000000,0.142800,0.000000,0.000000,0.000000,1.000000,0.093270,0.016212,-0.002861,-0.601015,-0.004768,0.015831,0.493439
477,1788745197.639678,-0.047700,0.000000,0.143100,0.000000,0.000000,0.000000,1.000000,0.093270,0.016212,-0.002861,-0.601015,-0.004768,0.015831,0.494583
478,1788745197.641948,-0.047800,0.000000,0.143400,0.000000,0.000000,0.000000,1.000000,0.093270,0.016212,-0.002861,-0.603685,-0.004768,0.015450,0.496109
479,1788745197.644179,-0.047900,0.000000,0.143700,0.000000,0.000000,0.000000,1.000000,0.093270,0.016212,-0.002861,-0.604448,-0.004768,0.015450,0.497253
480,1788745197.646353,-0.048000,0.000000,0.144000,0.000000,0.000000,0.000000,1.000000,0.093270,0.016212,-0.002861,-0.605974,-0.004768,0.015450,0.498779
481,1788745197.648531,-0.048100,0.000000,0.144300,0.000000,0.000000,0.000000,1.000000,0.093270,0.016212,-0.002861,-0.607500,-0.004768,0.015450,0.499924
482,1788745197.650697,-0.048200,0.000000,0.144600,0.000000,0.000000,0.000000,1.000000,0.093270,0.016212,-0.002861,-0.608263,-0.004768,0.015831,0.500687
483,1788745197.652854,-0.048300,0.000000,0.144900,0.000000,0.000000,0.000000,1.000000,0.093270,0.016212,-0.002861,-0.609407,-0.005150,0.015831,0.502213
484,1788745197.655017,-0.048400,0.000000,0.145200,0.000000,0.000000,0.000000,1.000000,0.093270,0.016212,-0.002861,-0.611696,-0.005150,0.015831,0.503738
485,1788745197.657268,-0.048500,0.000000,0.145500,0.000000,0.000000,0.000000,1.000000,0.093270,0.016212,-0.002861,-0.612841,-0.004768,0.015831,0.504501
486,1788745197.659540,-0.048600,0.000000,0.145800,0.000000,0.000000,0.000000,1.000000,0.093270,0.016212,-0.002861,-0.612841,-0.004768,0.015831,0.505264
487,1788745197.661788,-0.048700,0.000000,0.146100,0.000000,0.000000,0.000000,1.000000,0.093270,0.016212,-0.002861,-0.615129,-0.004768,0.016212,0.506027
488,1788745197.664039,-0.048800,0.000000,0.146400,0.000000,0.000000,0.000000,1.000000,0.093270,0.016212,-0.002861,-0.616274,-0.004768,0.016212,0.506790
489,1788745197.666295,-0.048900,0.000000,0.146700,0.000000,0.000000,0.000000,1.000000,0.093270,0.016212,-0.002861,-0.617037,-0.004768,0.015831,0.507553
490,1788745197.668541,-0.049000,0.000000,0.147000,0.000000,0.000000,0.000000,1.000000,0.093270,0.016212,-0.002861,-0.618563,-0.004768,0.015831,0.509079
491,1788745197.670798,-0.049100,0.000000,0.147300,0.000000,0.000000,0.000000,1.000000,0.093270,0.016212,-0.002861,-0.619326,-0.004768,0.015831,0.509842
492,1788745197.673035,-0.049200,0.000000,0.147600,0.000000,0.000000,0.000000,1.000000,0.093270,0.016212,-0.002861,-0.621996,-0.004768,0.016212,0.512894
493,1788745197.675241,-0.049300,0.000000,0.147900,0.000000,0.000000,0.000000,1.000000,0.093270,0.016212,-0.002861,-0.623140,-0.005150,0.016212,0.514038
494,1788745197.677408,-0.049400,0.000000,0.148200,0.000000,0.000000,0.000000,1.000000,0.093270,0.016212,-0.002861,-0.624285,-0.004768,0.015831,0.515564
495,1788745197.679569,-0.049500,0.000000,0.148500,0.000000,0.000000,0.000000,1.000000,0.093270,0.016212,-0.002861,-0.624285,-0.005150,0.015831,0.516708
496,1788745197.681748,-0.049600,0.000000,0.148800,0.000000,0.000000,0.000000,1.000000,0.093270,0.016212,-0.002861,-0.626574,-0.005150,0.016212,0.518234
497,1788745197.683918,-0.049700,0.000000,0.149100,0.000000,0.000000,0.000000,1.000000,0.093270,0.016212,-0.002861,-0.628099,-0.005150,0.015831,0.520142
498,1788745197.686092,-0.049800,0.000000,0.149400,0.000000,0.000000,0.000000,1.000000,0.093270,0.016212,-0.002861,-0.628099,-0.005150,0.016212,0.521286
499,1788745197.688251,-0.049900,0.000000,0.149700,0.000000,0.000000,0.000000,1.000000,0.093270,0.016212,-0.002861,-0.630388,-0.004768,0.016212,0.522812
500,1788745197.690409,-0.050000,0.000000,0.150000,0.000000,0.000000,0.000000,1.000000,0.093270,0.016212,-0.002861,-0.631151,-0.004768,0.016212,0.523575
501,1788745197.692546,-0.050100,0.000000,0.150300,0.000000,0.000000,0.000000,1.000000,0.093270,0.016212,-0.002861,-0.632677,-0.004768,0.016212,0.524719
502,1788745197.694711,-0.050200,0.000000,0.150600,0.000000,0.000000,0.000000,1.000000,0.093270,0.016212,-0.002861,-0.634203,-0.004768,0.016212,0.525482
503,1788745197.696872,-0.050300,0.000000,0.150900,0.000000,0.000000,0.000000,1.000000,0.093270,0.016594,-0.002861,-0.634966,-0.004768,0.015831,0.526627
504,1788745197.699026,-0.050400,0.000000,0.151200,0.000000,0.000000,0.000000,1.000000,0.093270,0.016594,-0.002861,-0.636110,-0.005150,0.016212,0.528534
505,1788745197.701182,-0.050500,0.000000,0.151500,0.000000,0.000000,0.000000,1.000000,0.093270,0.016594,-0.002861,-0.638018,-0.005150,0.016212,0.529297
506,1788745197.703414,-0.050600,0.000000,0.151800,0.000000,0.000000,0.000000,1.000000,0.093270,0.016594,-0.002861,-0.639544,-0.004768,0.016212,0.530441
507,1788745197.705586,-0.050700,0.000000,0.152100,0.000000,0.000000,0.000000,1.000000,0.093270,0.016594,-0.002861,-0.639544,-0.005150,0.016212,0.531204
508,1788745197.707747,-0.050800,0.000000,0.152400,0.000000,0.000000,0.000000,1.000000,0.093270,0.016594,-0.002861,-0.641451,-0.004768,0.016212,0.532731
509,1788745197.710012,-0.050900,0.000000,0.152700,0.000000,0.000000,0.000000,1.000000,0.093270,0.016594,-0.002861,-0.642595,-0.005150,0.016212,0.533494
510,1788745197.712223,-0.051000,0.000000,0.153000,0.000000,0.000000,0.000000,1.000000,0.093270,0.016594,-0.002861,-0.643358,-0.004768,0.016212,0.534638
511,1788745197.714405,-0.051100,0.000000,0.153300,0.000000,0.000000,0.000000,1.000000,0.093270,0.016594,-0.002861,-0.644884,-0.004768,0.016212,0.536164
512,1788745197.716577,-0.051200,0.000000,0.153600,0.000000,0.000000,0.000000,1.000000,0.093270,0.016594,-0.002861,-0.645647,-0.005150,0.016212,0.536927
513,1788745197.718753,-0.051300,0.000000,0.153900,0.000000,0.000000,0.000000,1.000000,0.093270,0.016975,-0.002861,-0.647173,-0.005150,0.016212,0.538453
514,1788745197.720920,-0.051400,0.000000,0.154200,0.000000,0.000000,0.000000,1.000000,0.093270,0.016975,-0.002861,-0.647173,-0.004768,0.016212,0.541123
515,1788745197.723119,-0.051500,0.000000,0.154500,0.000000,0.000000,0.000000,1.000000,0.093270,0.016975,-0.002861,-0.647936,-0.005150,0.016212,0.542649
516,1788745197.725305,-0.051600,0.000000,0.154800,0.000000,0.000000,0.000000,1.000000,0.093270,0.016975,-0.002861,-0.647936,-0.004768,0.016212,0.543794
517,1788745197.727481,-0.051700,0.000000,0.155100,0.000000,0.000000,0.000000,1.000000,0.093270,0.016975,-0.002861,-0.653276,-0.004768,0.016212,0.545320
518,1788745197.729645,-0.051800,0.000000,0.155400,0.000000,0.000000,0.000000,1.000000,0.093270,0.016975,-0.002861,-0.654421,-0.004768,0.016212,0.547227
519,1788745197.731810,-0.051900,0.000000,0.155700,0.000000,0.000000,0.000000,1.000000,0.093270,0.016975,-0.002861,-0.655184,-0.004768,0.016212,0.547990
520,1788745197.734002,-0.052000,0.000000,0.156000,0.000000,0.000000,0.000000,1.000000,0.093270,0.016975,-0.002861,-0.656329,-0.004768,0.016212,0.549897
521,1788745197.736214,-0.052100,0.000000,0.156300,0.000000,0.000000,0.000000,1.000000,0.093270,0.016975,-0.002861,-0.656329,-0.004768,0.016212,0.550660
522,1788745197.738369,-0.052200,0.000000,0.156600,0.000000,0.000000,0.000000,1.000000,0.093270,0.016975,-0.002861,-0.658618,-0.004768,0.016594,0.552186
523,1788745197.740514,-0.052300,0.000000,0.156900,0.000000,0.000000,0.000000,1.000000,0.093270,0.016975,-0.002861,-0.659762,-0.005150,0.016212,0.553330
524,1788745197.742653,-0.052400,0.000000,0.157200,0.000000,0.000000,0.000000,1.000000,0.093270,0.016975,-0.002861,-0.660525,-0.004768,0.016594,0.554093
525,1788745197.744798,-0.052500,0.000000,0.157500,0.000000,0.000000,0.000000,1.000000,0.093270,0.017357,-0.002861,-0.661670,-0.004768,0.016212,0.555238
526,1788745197.746970,-0.052600,0.000000,0.157800,0.000000,0.000000,0.000000,1.000000,0.093270,0.017357,-0.002861,-0.663959,-0.004768,0.016594,0.557145
527,1788745197.749084,-0.052700,0.000000,0.158100,0.000000,0.000000,0.000000,1.000000,0.093270,0.017357,-0.002861,-0.665103,-0.004768,0.016212,0.558290
528,1788745197.751232,-0.052800,0.000000,0.158400,0.000000,0.000000,0.000000,1.000000,0.093270,0.017357,-0.002861,-0.665866,-0.004768,0.016212,0.558671
529,1788745197.753465,-0.052900,0.000000,0.158700,0.000000,0.000000,0.000000,1.000000,0.093270,0.017357,-0.002861,-0.667010,-0.005150,0.016594,0.559815
530,1788745197.755921,-0.053000,0.000000,0.159000,0.000000,0.000000,0.000000,1.000000,0.093270,0.017738,-0.002861,-0.667010,-0.005150,0.016594,0.560960
531,1788745197.758338,-0.053100,0.000000,0.159300,0.000000,0.000000,0.000000,1.000000,0.093270,0.017738,-0.002861,-0.669299,-0.005150,0.016594,0.562486
532,1788745197.760700,-0.053200,0.000000,0.159600,0.000000,0.000000,0.000000,1.000000,0.093270,0.017738,-0.002861,-0.670825,-0.004768,0.016594,0.564012
533,1788745197.763196,-0.053300,0.000000,0.159900,0.000000,0.000000,0.000000,1.000000,0.093270,0.018120,-0.002861,-0.672732,-0.004768,0.016594,0.567063
534,1788745197.765514,-0.053400,0.000000,0.160200,0.000000,0.000000,0.000000,1.000000,0.093270,0.018120,-0.002861,-0.674258,-0.005150,0.016594,0.568971
535,1788745197.767823,-0.053500,0.000000,0.160500,0.000000,0.000000,0.000000,1.000000,0.093270,0.018120,-0.002861,-0.674640,-0.004768,0.016594,0.569734
536,1788745197.770126,-0.053600,0.000000,0.160800,0.000000,0.000000,0.000000,1.000000,0.093270,0.018120,-0.002861,-0.676166,-0.005150,0.016594,0.571641
537,1788745197.772428,-0.053700,0.000000,0.161100,0.000000,0.000000,0.000000,1.000000,0.093270,0.018120,-0.002861,-0.676929,-0.004768,0.016975,0.572404
538,1788745197.774654,-0.053800,0.000000,0.161400,0.000000,0.000000,0.000000,1.000000,0.093270,0.018120,-0.002861,-0.678454,-0.005150,0.016975,0.574311
539,1788745197.776822,-0.053900,0.000000,0.161700,0.000000,0.000000,0.000000,1.000000,0.093270,0.018120,-0.002861,-0.679980,-0.005150,0.016975,0.575837
540,1788745197.778992,-0.054000,0.000000,0.162000,0.000000,0.000000,0.000000,1.000000,0.093270,0.018120,-0.002861,-0.682269,-0.005150,0.017357,0.577744
541,1788745197.781188,-0.054100,0.000000,0.162300,0.000000,0.000000,0.000000,1.000000,0.093270,0.018120,-0.002861,-0.682269,-0.005150,0.017357,0.578507
542,1788745197.783374,-0.054200,0.000000,0.162600,0.000000,0.000000,0.000000,1.000000,0.093270,0.018120,-0.003242,-0.684176,-0.005150,0.017357,0.580033
543,1788745197.785549,-0.054300,0.000000,0.162900,0.000000,0.000000,0.000000,1.000000,0.093270,0.018501,-0.003242,-0.685702,-0.004768,0.017738,0.581178
544,1788745197.787720,-0.054400,0.000000,0.163200,0.000000,0.000000,0.000000,1.000000,0.093270,0.018501,-0.003242,-0.686465,-0.004768,0.017738,0.581941
545,1788745197.789888,-0.054500,0.000000,0.163500,0.000000,0.000000,0.000000,1.000000,0.093270,0.018501,-0.003242,-0.687610,-0.005150,0.018120,0.583085
546,1788745197.792224,-0.054600,0.000000,0.163800,0.000000,0.000000,0.000000,1.000000,0.093270,0.018501,-0.003242,-0.687610,-0.005150,0.018501,0.583848
547,1788745197.794421,-0.054700,0.000000,0.164100,0.000000,0.000000,0.000000,1.000000,0.093270,0.018501,-0.003242,-0.689517,-0.005150,0.018501,0.584992
548,1788745197.796603,-0.054800,0.000000,0.164400,0.000000,0.000000,0.000000,1.000000,0.093270,0.018501,-0.003624,-0.691043,-0.005150,0.018883,0.586137
549,1788745197.798802,-0.054900,0.000000,0.164700,0.000000,0.000000,0.000000,1.000000,0.093270,0.018501,-0.003624,-0.691043,-0.004768,0.019264,0.586900
550,1788745197.801114,-0.055000,0.000000,0.165000,0.000000,0.000000,0.000000,1.000000,0.093270,0.018883,-0.003624,-0.693713,-0.005150,0.019646,0.589189
551,1788745197.803324,-0.055100,0.000000,0.165300,0.000000,0.000000,0.000000,1.000000,0.093270,0.018883,-0.003624,-0.694858,-0.004768,0.020027,0.590333
552,1788745197.805504,-0.055200,0.000000,0.165600,0.000000,0.000000,0.000000,1.000000,0.093270,0.018883,-0.003624,-0.696383,-0.005150,0.020027,0.592240
553,1788745197.807681,-0.055300,0.000000,0.165900,0.000000,0.000000,0.000000,1.000000,0.093270,0.018883,-0.003624,-0.697146,-0.004768,0.020027,0.592622
554,1788745197.809969,-0.055400,0.000000,0.166200,0.000000,0.000000,0.000000,1.000000,0.092889,0.018883,-0.003624,-0.698291,-0.004768,0.020027,0.594149
555,1788745197.812195,-0.055500,0.000000,0.166500,0.000000,0.000000,0.000000,1.000000,0.092889,0.019264,-0.003624,-0.698291,-0.004768,0.020027,0.595293
556,1788745197.814357,-0.055600,0.000000,0.166800,0.000000,0.000000,0.000000,1.000000,0.092889,0.019264,-0.003624,-0.700580,-0.004768,0.019646,0.596819
557,1788745197.816489,-0.055700,0.000000,0.167100,0.000000,0.000000,0.000000,1.000000,0.092889,0.019264,-0.003624,-0.702106,-0.004768,0.019646,0.598345
558,1788745197.818611,-0.055800,0.000000,0.167400,0.000000,0.000000,0.000000,1.000000,0.092889,0.019264,-0.003624,-0.702106,-0.004768,0.019646,0.599489
559,1788745197.820768,-0.055900,0.000000,0.167700,0.000000,0.000000,0.000000,1.000000,0.092889,0.019264,-0.003624,-0.704013,-0.004768,0.019646,0.601397
560,1788745197.822938,-0.056000,0.000000,0.168000,0.000000,0.000000,0.000000,1.000000,0.092889,0.019264,-0.003624,-0.706302,-0.005150,0.020027,0.603685
561,1788745197.825157,-0.056100,0.000000,0.168300,0.000000,0.000000,0.000000,1.000000,0.092889,0.019646,-0.003624,-0.707446,-0.005150,0.020027,0.605211
562,1788745197.827464,-0.056200,0.000000,0.168600,0.000000,0.000000,0.000000,1.000000,0.092889,0.019646,-0.003624,-0.708209,-0.005150,0.020027,0.605974
563,1788745197.829756,-0.056300,0.000000,0.168900,0.000000,0.000000,0.000000,1.000000,0.092507,0.019646,-0.003624,-0.709735,-0.005150,0.020027,0.607500
564,1788745197.832026,-0.056400,0.000000,0.169200,0.000000,0.000000,0.000000,1.000000,0.092507,0.019646,-0.003624,-0.710879,-0.005150,0.020027,0.608644
565,1788745197.834236,-0.056500,0.000000,0.169500,0.000000,0.000000,0.000000,1.000000,0.092507,0.019646,-0.003624,-0.711642,-0.005150,0.020027,0.609407
566,1788745197.836414,-0.056600,0.000000,0.169800,0.000000,0.000000,0.000000,1.000000,0.092507,0.019646,-0.003624,-0.713168,-0.004768,0.020027,0.610552
567,1788745197.838588,-0.056700,0.000000,0.170100,0.000000,0.000000,0.000000,1.000000,0.092507,0.019646,-0.003624,-0.713168,-0.004768,0.020027,0.611315
568,1788745197.840755,-0.056800,0.000000,0.170400,0.000000,0.000000,0.000000,1.000000,0.092507,0.019646,-0.003624,-0.715075,-0.005150,0.020027,0.612459
569,1788745197.842964,-0.056900,0.000000,0.170700,0.000000,0.000000,0.000000,1.000000,0.092126,0.019646,-0.003624,-0.716220,-0.005150,0.020027,0.614748
570,1788745197.845247,-0.057000,0.000000,0.171000,0.000000,0.000000,0.000000,1.000000,0.092126,0.020027,-0.003624,-0.718509,-0.005150,0.020027,0.616274
571,1788745197.847532,-0.057100,0.000000,0.171300,0.000000,0.000000,0.000000,1.000000,0.092126,0.020027,-0.003624,-0.718891,-0.005150,0.020027,0.617418
572,1788745197.849802,-0.057200,0.000000,0.171600,0.000000,0.000000,0.000000,1.000000,0.092126,0.020027,-0.003624,-0.720417,-0.005150,0.020027,0.618944
573,1788745197.852007,-0.057300,0.000000,0.171900,0.000000,0.000000,0.000000,1.000000,0.092126,0.020027,-0.003624,-0.721561,-0.005531,0.020027,0.620852
574,1788745197.854175,-0.057400,0.000000,0.172200,0.000000,0.000000,0.000000,1.000000,0.092126,0.020027,-0.003624,-0.722324,-0.005150,0.020027,0.621996
575,1788745197.856330,-0.057500,0.000000,0.172500,0.000000,0.000000,0.000000,1.000000,0.091744,0.020027,-0.003624,-0.723850,-0.005150,0.020027,0.623903
576,1788745197.858490,-0.057600,0.000000,0.172800,0.000000,0.000000,0.000000,1.000000,0.091744,0.020027,-0.003624,-0.725376,-0.005150,0.020027,0.625811
577,1788745197.860653,-0.057700,0.000000,0.173100,0.000000,0.000000,0.000000,1.000000,0.091744,0.020027,-0.003624,-0.726139,-0.005150,0.020027,0.626574
578,1788745197.862797,-0.057800,0.000000,0.173400,0.000000,0.000000,0.000000,1.000000,0.091744,0.020027,-0.003624,-0.727665,-0.005150,0.020027,0.628099
579,1788745197.865097,-0.057900,0.000000,0.173700,0.000000,0.000000,0.000000,1.000000,0.091363,0.020027,-0.003624,-0.729572,-0.005150,0.020027,0.630770
580,1788745197.867272,-0.058000,0.000000,0.174000,0.000000,0.000000,0.000000,1.000000,0.091363,0.020027,-0.003624,-0.729572,-0.005150,0.020027,0.631914
581,1788745197.869435,-0.058100,0.000000,0.174300,0.000000,0.000000,0.000000,1.000000,0.091363,0.020027,-0.003624,-0.729572,-0.005150,0.020027,0.632677
582,1788745197.871618,-0.058200,0.000000,0.174600,0.000000,0.000000,0.000000,1.000000,0.091363,0.020027,-0.003624,-0.733006,-0.005150,0.020027,0.633821
583,1788745197.873792,-0.058300,0.000000,0.174900,0.000000,0.000000,0.000000,1.000000,0.090981,0.020027,-0.003624,-0.733006,-0.005150,0.020027,0.634203
584,1788745197.875977,-0.058400,0.000000,0.175200,0.000000,0.000000,0.000000,1.000000,0.090981,0.020409,-0.003624,-0.734531,-0.005150,0.020409,0.635347
585,1788745197.878195,-0.058500,0.000000,0.175500,0.000000,0.000000,0.000000,1.000000,0.090981,0.020409,-0.003624,-0.735676,-0.005150,0.020027,0.636873
586,1788745197.880368,-0.058600,0.000000,0.175800,0.000000,0.000000,0.000000,1.000000,0.090981,0.020409,-0.003624,-0.735676,-0.005150,0.020409,0.637636
587,1788745197.882526,-0.058700,0.000000,0.176100,0.000000,0.000000,0.000000,1.000000,0.090600,0.020409,-0.003624,-0.737583,-0.005150,0.020409,0.638399
588,1788745197.884683,-0.058800,0.000000,0.176400,0.000000,0.000000,0.000000,1.000000,0.090600,0.020409,-0.003624,-0.738346,-0.005150,0.020409,0.638781
589,1788745197.886966,-0.058900,0.000000,0.176700,0.000000,0.000000,0.000000,1.000000,0.090600,0.020409,-0.003624,-0.740635,-0.005150,0.020409,0.641832
590,1788745197.889211,-0.059000,0.000000,0.177000,0.000000,0.000000,0.000000,1.000000,0.090219,0.020409,-0.003624,-0.740635,-0.005150,0.020790,0.642214
591,1788745197.891392,-0.059100,0.000000,0.177300,0.000000,0.000000,0.000000,1.000000,0.090219,0.020409,-0.003624,-0.742542,-0.005150,0.020790,0.643740
592,1788745197.893648,-0.059200,0.000000,0.177600,0.000000,0.000000,0.000000,1.000000,0.089837,0.020409,-0.003624,-0.744068,-0.005150,0.020790,0.645266
593,1788745197.895833,-0.059300,0.000000,0.177900,0.000000,0.000000,0.000000,1.000000,0.089837,0.020409,-0.003624,-0.744831,-0.005150,0.021172,0.646410
594,1788745197.898109,-0.059400,0.000000,0.178200,0.000000,0.000000,0.000000,1.000000,0.089837,0.020409,-0.003624,-0.746357,-0.005150,0.021172,0.648317
595,1788745197.900281,-0.059500,0.000000,0.178500,0.000000,0.000000,0.000000,1.000000,0.089456,0.020409,-0.003624,-0.746357,-0.005150,0.021172,0.649462
596,1788745197.902429,-0.059600,0.000000,0.178800,0.000000,0.000000,0.000000,1.000000,0.089456,0.020409,-0.003624,-0.748264,-0.005150,0.021553,0.650988
597,1788745197.904636,-0.059700,0.000000,0.179100,0.000000,0.000000,0.000000,1.000000,0.089456,0.020409,-0.003624,-0.749790,-0.005150,0.021935,0.653276
598,1788745197.906839,-0.059800,0.000000,0.179400,0.000000,0.000000,0.000000,1.000000,0.089074,0.020409,-0.003624,-0.750553,-0.005150,0.022316,0.654802
599,1788745197.909065,-0.059900,0.000000,0.179700,0.000000,0.000000,0.000000,1.000000,0.088693,0.020409,-0.003624,-0.752079,-0.005150,0.023079,0.657474
600,1788745197.911398,-0.060000,0.000000,0.180000,0.000000,0.000000,0.000000,1.000000,0.088693,0.020409,-0.003624,-0.753986,-0.005150,0.023460,0.659381
601,1788745197.913792,-0.060100,0.000000,0.180300,0.000000,0.000000,0.000000,1.000000,0.088693,0.020409,-0.003624,-0.755131,-0.005150,0.023460,0.660907
602,1788745197.916139,-0.060200,0.000000,0.180600,0.000000,0.000000,0.000000,1.000000,0.088311,0.020409,-0.003624,-0.755131,-0.005150,0.023460,0.662051
603,1788745197.918440,-0.060300,0.000000,0.180900,0.000000,0.000000,0.000000,1.000000,0.088311,0.020409,-0.003624,-0.757420,-0.005150,0.023460,0.663196
604,1788745197.920714,-0.060400,0.000000,0.181200,0.000000,0.000000,0.000000,1.000000,0.088311,0.020409,-0.003624,-0.757420,-0.005150,0.023460,0.663959
605,1788745197.923023,-0.060500,0.000000,0.181500,0.000000,0.000000,0.000000,1.000000,0.087930,0.020409,-0.003624,-0.760471,-0.005150,0.023460,0.666247
606,1788745197.925458,-0.060600,0.000000,0.181800,0.000000,0.000000,0.000000,1.000000,0.087548,0.020409,-0.003624,-0.760471,-0.005150,0.023079,0.667010
607,1788745197.927841,-0.060700,0.000000,0.182100,0.000000,0.000000,0.000000,1.000000,0.087548,0.020409,-0.003624,-0.762760,-0.005150,0.023079,0.668155
608,1788745197.930238,-0.060800,0.000000,0.182400,0.000000,0.000000,0.000000,1.000000,0.087167,0.020409,-0.003624,-0.762760,-0.005150,0.023079,0.668918
609,1788745197.932639,-0.060900,0.000000,0.182700,0.000000,0.000000,0.000000,1.000000,0.087167,0.020409,-0.003624,-0.764668,-0.005150,0.023460,0.670444
610,1788745197.935072,-0.061000,0.000000,0.183000,0.000000,0.000000,0.000000,1.000000,0.086785,0.020409,-0.003624,-0.765812,-0.005531,0.023460,0.672732
611,1788745197.937265,-0.061100,0.000000,0.183300,0.000000,0.000000,0.000000,1.000000,0.086404,0.020409,-0.003624,-0.767719,-0.005150,0.023460,0.674258
612,1788745197.939429,-0.061200,0.000000,0.183600,0.000000,0.000000,0.000000,1.000000,0.086404,0.020409,-0.003624,-0.769245,-0.005150,0.023842,0.675403
613,1788745197.941587,-0.061300,0.000000,0.183900,0.000000,0.000000,0.000000,1.000000,0.086022,0.020409,-0.003624,-0.769627,-0.005150,0.023842,0.676547
614,1788745197.943742,-0.061400,0.000000,0.184200,0.000000,0.000000,0.000000,1.000000,0.086022,0.020409,-0.003624,-0.770771,-0.005150,0.023460,0.678073
615,1788745197.945920,-0.061500,0.000000,0.184500,0.000000,0.000000,0.000000,1.000000,0.085641,0.020409,-0.003624,-0.770771,-0.005150,0.023460,0.678836
616,1788745197.948110,-0.061600,0.000000,0.184800,0.000000,0.000000,0.000000,1.000000,0.085641,0.020409,-0.003624,-0.773060,-0.005150,0.023460,0.679980
617,1788745197.950265,-0.061700,0.000000,0.185100,0.000000,0.000000,0.000000,1.000000,0.085259,0.020409,-0.003624,-0.774204,-0.004768,0.023460,0.681125
618,1788745197.952403,-0.061800,0.000000,0.185400,0.000000,0.000000,0.000000,1.000000,0.085259,0.020409,-0.003624,-0.774967,-0.004768,0.023842,0.681888
619,1788745197.954610,-0.061900,0.000000,0.185700,0.000000,0.000000,0.000000,1.000000,0.084878,0.020409,-0.003624,-0.776112,-0.005150,0.023842,0.683032
620,1788745197.956784,-0.062000,0.000000,0.186000,0.000000,0.000000,0.000000,1.000000,0.084496,0.020409,-0.003624,-0.776112,-0.005150,0.023842,0.683795
621,1788745197.958972,-0.062100,0.000000,0.186300,0.000000,0.000000,0.000000,1.000000,0.084115,0.020409,-0.003624,-0.779545,-0.005150,0.023842,0.686465
622,1788745197.961188,-0.062200,0.000000,0.186600,0.000000,0.000000,0.000000,1.000000,0.083734,0.020409,-0.003624,-0.779545,-0.005150,0.023842,0.687228
623,1788745197.963362,-0.062300,0.000000,0.186900,0.000000,0.000000,0.000000,1.000000,0.083734,0.020409,-0.003624,-0.781453,-0.005150,0.023842,0.688754
624,1788745197.965531,-0.062400,0.000000,0.187200,0.000000,0.000000,0.000000,1.000000,0.083734,0.020409,-0.003624,-0.781453,-0.005150,0.023842,0.689517
625,1788745197.967726,-0.062500,0.000000,0.187500,0.000000,0.000000,0.000000,1.000000,0.083352,0.020409,-0.003624,-0.783360,-0.005150,0.023460,0.691424
626,1788745197.970028,-0.062600,0.000000,0.187800,0.000000,0.000000,0.000000,1.000000,0.083352,0.020409,-0.003624,-0.784886,-0.005150,0.023460,0.692950
627,1788745197.972199,-0.062700,0.000000,0.188100,0.000000,0.000000,0.000000,1.000000,0.082971,0.020409,-0.003624,-0.784886,-0.005150,0.023842,0.693713
628,1788745197.974405,-0.062800,0.000000,0.188400,0.000000,0.000000,0.000000,1.000000,0.082589,0.020409,-0.003624,-0.786794,-0.005150,0.023842,0.695621
629,1788745197.976570,-0.062900,0.000000,0.188700,0.000000,0.000000,0.000000,1.000000,0.082589,0.020409,-0.003624,-0.788320,-0.005150,0.023842,0.697528
630,1788745197.978735,-0.063000,0.000000,0.189000,0.000000,0.000000,0.000000,1.000000,0.082208,0.020409,-0.003624,-0.789083,-0.005150,0.023460,0.698672
631,1788745197.980894,-0.063100,0.000000,0.189300,0.000000,0.000000,0.000000,1.000000,0.082208,0.020790,-0.003624,-0.790608,-0.005150,0.023842,0.700961
632,1788745197.983072,-0.063200,0.000000,0.189600,0.000000,0.000000,0.000000,1.000000,0.081826,0.020790,-0.004005,-0.792516,-0.005150,0.023842,0.702487
633,1788745197.985234,-0.063300,0.000000,0.189900,0.000000,0.000000,0.000000,1.000000,0.081445,0.020790,-0.004005,-0.794042,-0.005150,0.023842,0.704394
634,1788745197.987385,-0.063400,0.000000,0.190200,0.000000,0.000000,0.000000,1.000000,0.081445,0.020790,-0.004005,-0.794805,-0.005150,0.023842,0.705157
635,1788745197.989547,-0.063500,0.000000,0.190500,0.000000,0.000000,0.000000,1.000000,0.081063,0.020790,-0.004005,-0.795949,-0.005150,0.023842,0.706683
636,1788745197.991681,-0.063600,0.000000,0.190800,0.000000,0.000000,0.000000,1.000000,0.081063,0.020790,-0.004005,-0.795949,-0.005150,0.023842,0.707446
637,1788745197.993825,-0.063700,0.000000,0.191100,0.000000,0.000000,0.000000,1.000000,0.080682,0.020790,-0.004005,-0.797856,-0.005150,0.023842,0.708591
638,1788745197.995993,-0.063800,0.000000,0.191400,0.000000,0.000000,0.000000,1.000000,0.080300,0.020790,-0.004005,-0.799382,-0.005150,0.023842,0.709735
639,1788745197.998220,-0.063900,0.000000,0.191700,0.000000,0.000000,0.000000,1.000000,0.080300,0.020790,-0.004005,-0.799382,-0.005150,0.023842,0.710879
640,1788745198.000515,-0.064000,0.000000,0.192000,0.000000,0.000000,0.000000,1.000000,0.079919,0.020790,-0.004005,-0.801290,-0.005150,0.023842,0.711642
641,1788745198.002809,-0.064100,0.000000,0.192300,0.000000,0.000000,0.000000,1.000000,0.079919,0.020790,-0.004005,-0.802052,-0.005150,0.023842,0.712405
642,1788745198.005098,-0.064200,0.000000,0.192600,0.000000,0.000000,0.000000,1.000000,0.079537,0.021172,-0.004005,-0.804341,-0.005150,0.023842,0.715075
643,1788745198.007381,-0.064300,0.000000,0.192900,0.000000,0.000000,0.000000,1.000000,0.079537,0.021172,-0.004005,-0.805104,-0.005150,0.023842,0.715838
644,1788745198.009632,-0.064400,0.000000,0.193200,0.000000,0.000000,0.000000,1.000000,0.079156,0.021172,-0.004005,-0.806630,-0.005150,0.023842,0.716983
645,1788745198.011880,-0.064500,0.000000,0.193500,0.000000,0.000000,0.000000,1.000000,0.078774,0.021172,-0.004005,-0.807775,-0.005150,0.023842,0.718509
646,1788745198.014160,-0.064600,0.000000,0.193800,0.000000,0.000000,0.000000,1.000000,0.078774,0.021172,-0.004005,-0.808537,-0.005150,0.023842,0.719654
647,1788745198.016326,-0.064700,0.000000,0.194100,0.000000,0.000000,0.000000,1.000000,0.078393,0.021172,-0.004005,-0.809682,-0.005150,0.023842,0.721180
648,1788745198.018519,-0.064800,0.000000,0.194400,0.000000,0.000000,0.000000,1.000000,0.078393,0.021172,-0.003624,-0.809682,-0.005150,0.023842,0.722324
649,1788745198.020681,-0.064900,0.000000,0.194700,0.000000,0.000000,0.000000,1.000000,0.078012,0.021172,-0.003624,-0.811589,-0.005150,0.024223,0.723850
650,1788745198.022885,-0.065000,0.000000,0.195000,0.000000,0.000000,0.000000,1.000000,0.077630,0.021553,-0.004005,-0.813115,-0.005150,0.024223,0.725758
651,1788745198.025064,-0.065100,0.000000,0.195300,0.000000,0.000000,0.000000,1.000000,0.077249,0.021553,-0.004005,-0.815022,-0.005150,0.024223,0.728809
652,1788745198.027215,-0.065200,0.000000,0.195600,0.000000,0.000000,0.000000,1.000000,0.077249,0.021553,-0.004005,-0.815785,-0.005150,0.024223,0.729954
653,1788745198.029404,-0.065300,0.000000,0.195900,0.000000,0.000000,0.000000,1.000000,0.076867,0.021553,-0.004005,-0.816930,-0.005150,0.024605,0.731861
654,1788745198.031546,-0.065400,0.000000,0.196200,0.000000,0.000000,0.000000,1.000000,0.076486,0.021553,-0.003624,-0.818456,-0.005150,0.024605,0.733768
655,1788745198.033697,-0.065500,0.000000,0.196500,0.000000,0.000000,0.000000,1.000000,0.076486,0.021553,-0.004005,-0.818837,-0.005150,0.024605,0.734531
656,1788745198.035858,-0.065600,0.000000,0.196800,0.000000,0.000000,0.000000,1.000000,0.076104,0.021935,-0.004005,-0.820363,-0.005150,0.024986,0.736057
657,1788745198.038053,-0.065700,0.000000,0.197100,0.000000,0.000000,0.000000,1.000000,0.075723,0.021935,-0.004005,-0.820363,-0.005150,0.025368,0.736820
658,1788745198.040237,-0.065800,0.000000,0.197400,0.000000,0.000000,0.000000,1.000000,0.075723,0.021935,-0.004005,-0.822270,-0.005150,0.025749,0.738346
659,1788745198.042408,-0.065900,0.000000,0.197700,0.000000,0.000000,0.000000,1.000000,0.075341,0.021935,-0.004005,-0.823415,-0.005150,0.026131,0.739491
660,1788745198.044595,-0.066000,0.000000,0.198000,0.000000,0.000000,0.000000,1.000000,0.074960,0.021935,-0.004005,-0.823415,-0.005150,0.026512,0.740253
661,1788745198.046826,-0.066100,0.000000,0.198300,0.000000,0.000000,0.000000,1.000000,0.074960,0.022316,-0.004005,-0.825322,-0.005150,0.026894,0.741398
662,1788745198.049009,-0.066200,0.000000,0.198600,0.000000,0.000000,0.000000,1.000000,0.074197,0.022316,-0.004005,-0.826848,-0.005531,0.027275,0.743305
663,1788745198.051173,-0.066300,0.000000,0.198900,0.000000,0.000000,0.000000,1.000000,0.074197,0.022316,-0.004005,-0.826848,-0.005531,0.027275,0.744450
664,1788745198.053298,-0.066400,0.000000,0.199200,0.000000,0.000000,0.000000,1.000000,0.073815,0.022697,-0.004005,-0.826848,-0.005531,0.027275,0.745213
665,1788745198.055465,-0.066500,0.000000,0.199500,0.000000,0.000000,0.000000,1.000000,0.073434,0.022697,-0.004005,-0.829900,-0.005150,0.027275,0.746357
666,1788745198.057646,-0.066600,0.000000,0.199800,0.000000,0.000000,0.000000,1.000000,0.073052,0.022697,-0.004005,-0.831426,-0.005150,0.027275,0.748264
667,1788745198.059838,-0.066700,0.000000,0.200100,0.000000,0.000000,0.000000,1.000000,0.073052,0.022697,-0.004387,-0.831807,-0.005150,0.027275,0.749027
668,1788745198.062016,-0.066800,0.000000,0.200400,0.000000,0.000000,0.000000,1.000000,0.072671,0.023079,-0.004387,-0.832952,-0.005150,0.027275,0.750935
669,1788745198.064236,-0.066900,0.000000,0.200700,0.000000,0.000000,0.000000,1.000000,0.072289,0.023079,-0.004387,-0.833714,-0.004768,0.027275,0.751698
670,1788745198.066411,-0.067000,0.000000,0.201000,0.000000,0.000000,0.000000,1.000000,0.071908,0.023079,-0.004387,-0.834859,-0.005150,0.027275,0.753605
671,1788745198.068623,-0.067100,0.000000,0.201300,0.000000,0.000000,0.000000,1.000000,0.071527,0.023079,-0.004387,-0.836385,-0.005150,0.027275,0.755131
672,1788745198.070894,-0.067200,0.000000,0.201600,0.000000,0.000000,0.000000,1.000000,0.071145,0.023460,-0.004387,-0.837911,-0.005150,0.027657,0.758183
673,1788745198.073185,-0.067300,0.000000,0.201900,0.000000,0.000000,0.000000,1.000000,0.070764,0.023460,-0.004387,-0.839055,-0.005150,0.027657,0.759708
674,1788745198.075565,-0.067400,0.000000,0.202200,0.000000,0.000000,0.000000,1.000000,0.070764,0.023460,-0.004387,-0.839818,-0.005150,0.027657,0.760471
675,1788745198.077999,-0.067500,0.000000,0.202500,0.000000,0.000000,0.000000,1.000000,0.070382,0.023842,-0.004387,-0.841344,-0.005150,0.028038,0.761997
676,1788745198.080530,-0.067600,0.000000,0.202800,0.000000,0.000000,0.000000,1.000000,0.070001,0.023842,-0.004387,-0.842107,-0.005150,0.028038,0.762760
677,1788745198.082796,-0.067700,0.000000,0.203100,0.000000,0.000000,0.000000,1.000000,0.069619,0.023842,-0.004387,-0.842870,-0.005150,0.027657,0.763905
678,1788745198.085003,-0.067800,0.000000,0.203400,0.000000,0.000000,0.000000,1.000000,0.068856,0.024223,-0.004387,-0.844778,-0.005150,0.027657,0.766193
679,1788745198.087254,-0.067900,0.000000,0.203700,0.000000,0.000000,0.000000,1.000000,0.068475,0.024223,-0.004387,-0.846304,-0.005150,0.027657,0.767338
680,1788745198.089437,-0.068000,0.000000,0.204000,0.000000,0.000000,0.000000,1.000000,0.068475,0.024223,-0.004387,-0.846685,-0.005150,0.027657,0.768101
681,1788745198.091582,-0.068100,0.000000,0.204300,0.000000,0.000000,0.000000,1.000000,0.067712,0.024605,-0.004387,-0.847830,-0.005150,0.027657,0.768864
682,1788745198.093757,-0.068200,0.000000,0.204600,0.000000,0.000000,0.000000,1.000000,0.067330,0.024605,-0.004387,-0.848974,-0.005150,0.027657,0.770771
683,1788745198.095914,-0.068300,0.000000,0.204900,0.000000,0.000000,0.000000,1.000000,0.067330,0.024986,-0.004768,-0.849356,-0.005150,0.027657,0.771534
684,1788745198.098103,-0.068400,0.000000,0.205200,0.000000,0.000000,0.000000,1.000000,0.066949,0.024986,-0.004768,-0.850500,-0.005150,0.027657,0.773060
685,1788745198.100263,-0.068500,0.000000,0.205500,0.000000,0.000000,0.000000,1.000000,0.066567,0.025368,-0.004768,-0.850500,-0.005150,0.027657,0.773823
686,1788745198.102411,-0.068600,0.000000,0.205800,0.000000,0.000000,0.000000,1.000000,0.066186,0.025749,-0.004768,-0.852789,-0.005150,0.027657,0.775730
687,1788745198.104573,-0.068700,0.000000,0.206100,0.000000,0.000000,0.000000,1.000000,0.065804,0.025749,-0.004768,-0.853933,-0.005150,0.027657,0.777637
688,1788745198.106765,-0.068800,0.000000,0.206400,0.000000,0.000000,0.000000,1.000000,0.065423,0.026131,-0.004768,-0.853933,-0.005150,0.027657,0.778782
689,1788745198.108929,-0.068900,0.000000,0.206700,0.000000,0.000000,0.000000,1.000000,0.065042,0.026512,-0.004768,-0.856604,-0.005150,0.027657,0.781835
690,1788745198.111079,-0.069000,0.000000,0.207000,0.000000,0.000000,0.000000,1.000000,0.064660,0.026512,-0.004768,-0.857748,-0.005150,0.027657,0.783742
691,1788745198.113285,-0.069100,0.000000,0.207300,0.000000,0.000000,0.000000,1.000000,0.064279,0.026894,-0.004768,-0.859274,-0.005531,0.027657,0.786031
692,1788745198.115456,-0.069200,0.000000,0.207600,0.000000,0.000000,0.000000,1.000000,0.063897,0.026894,-0.004768,-0.859274,-0.005531,0.027657,0.786794
693,1788745198.117621,-0.069300,0.000000,0.207900,0.000000,0.000000,0.000000,1.000000,0.063516,0.027275,-0.004768,-0.861181,-0.005531,0.027657,0.788701
694,1788745198.119783,-0.069400,0.000000,0.208200,0.000000,0.000000,0.000000,1.000000,0.063134,0.027275,-0.004768,-0.862326,-0.005150,0.027657,0.790227
695,1788745198.121933,-0.069500,0.000000,0.208500,0.000000,0.000000,0.000000,1.000000,0.063134,0.027657,-0.004768,-0.863089,-0.005150,0.027657,0.790990
696,1788745198.124132,-0.069600,0.000000,0.208800,0.000000,0.000000,0.000000,1.000000,0.062753,0.027657,-0.004768,-0.864233,-0.005150,0.028038,0.792516
697,1788745198.126314,-0.069700,0.000000,0.209100,0.000000,0.000000,0.000000,1.000000,0.062371,0.027657,-0.004768,-0.864996,-0.005150,0.027657,0.793279
698,1788745198.128466,-0.069800,0.000000,0.209400,0.000000,0.000000,0.000000,1.000000,0.061990,0.027657,-0.004768,-0.865759,-0.005150,0.027657,0.794042
699,1788745198.130648,-0.069900,0.000000,0.209700,0.000000,0.000000,0.000000,1.000000,0.061608,0.027657,-0.004768,-0.866903,-0.005531,0.027657,0.795186
700,1788745198.132830,-0.070000,0.000000,0.210000,0.000000,0.000000,0.000000,1.000000,0.061227,0.027657,-0.004768,-0.867666,-0.005531,0.027657,0.795949
701,1788745198.134996,-0.070100,0.000000,0.210300,0.000000,0.000000,0.000000,1.000000,0.060464,0.027657,-0.004768,-0.868429,-0.005150,0.027657,0.797856
702,1788745198.137203,-0.070200,0.000000,0.210600,0.000000,0.000000,0.000000,1.000000,0.060082,0.027657,-0.004768,-0.869955,-0.005531,0.028038,0.798619
703,1788745198.139384,-0.070300,0.000000,0.210900,0.000000,0.000000,0.000000,1.000000,0.059701,0.027657,-0.004768,-0.871099,-0.005150,0.027657,0.800145
704,1788745198.141586,-0.070400,0.000000,0.211200,0.000000,0.000000,0.000000,1.000000,0.058938,0.027657,-0.004768,-0.871099,-0.005150,0.027657,0.800908
705,1788745198.143778,-0.070500,0.000000,0.211500,0.000000,0.000000,0.000000,1.000000,0.058938,0.028038,-0.004768,-0.873007,-0.005150,0.027657,0.802434
706,1788745198.145970,-0.070600,0.000000,0.211800,0.000000,0.000000,0.000000,1.000000,0.058175,0.028038,-0.004768,-0.873388,-0.005150,0.027657,0.803197
707,1788745198.148155,-0.070700,0.000000,0.212100,0.000000,0.000000,0.000000,1.000000,0.058175,0.028038,-0.004768,-0.874533,-0.005531,0.027657,0.804723
708,1788745198.150314,-0.070800,0.000000,0.212400,0.000000,0.000000,0.000000,1.000000,0.057794,0.028038,-0.004768,-0.876059,-0.005150,0.027657,0.806249
709,1788745198.152451,-0.070900,0.000000,0.212700,0.000000,0.000000,0.000000,1.000000,0.057412,0.028419,-0.004768,-0.876440,-0.005150,0.027657,0.807393
710,1788745198.154602,-0.071000,0.000000,0.213000,0.000000,0.000000,0.000000,1.000000,0.057031,0.028419,-0.004768,-0.877966,-0.005150,0.028038,0.808919
711,1788745198.156761,-0.071100,0.000000,0.213300,0.000000,0.000000,0.000000,1.000000,0.056649,0.028419,-0.004768,-0.879110,-0.005150,0.028038,0.810826
712,1788745198.158959,-0.071200,0.000000,0.213600,0.000000,0.000000,0.000000,1.000000,0.055886,0.028419,-0.004768,-0.881018,-0.005150,0.028419,0.813497
713,1788745198.161212,-0.071300,0.000000,0.213900,0.000000,0.000000,0.000000,1.000000,0.055505,0.028419,-0.004768,-0.881018,-0.005150,0.028419,0.814641
714,1788745198.163363,-0.071400,0.000000,0.214200,0.000000,0.000000,0.000000,1.000000,0.055123,0.028419,-0.004768,-0.882544,-0.005150,0.028801,0.816167
715,1788745198.165562,-0.071500,0.000000,0.214500,0.000000,0.000000,0.000000,1.000000,0.054742,0.028419,-0.004768,-0.883688,-0.005150,0.028801,0.818074
716,1788745198.167723,-0.071600,0.000000,0.214800,0.000000,0.000000,0.000000,1.000000,0.054360,0.028419,-0.004768,-0.883688,-0.005150,0.029182,0.819219
717,1788745198.169872,-0.071700,0.000000,0.215100,0.000000,0.000000,0.000000,1.000000,0.053979,0.028419,-0.004768,-0.885595,-0.004768,0.029945,0.820745
718,1788745198.172033,-0.071800,0.000000,0.215400,0.000000,0.000000,0.000000,1.000000,0.053597,0.028419,-0.004768,-0.886358,-0.005150,0.030708,0.822270
719,1788745198.174169,-0.071900,0.000000,0.215700,0.000000,0.000000,0.000000,1.000000,0.053216,0.028419,-0.004768,-0.887121,-0.005150,0.031090,0.823415
720,1788745198.176366,-0.072000,0.000000,0.216000,0.000000,0.000000,0.000000,1.000000,0.052835,0.028419,-0.004768,-0.888266,-0.005150,0.031472,0.824941
721,1788745198.178544,-0.072100,0.000000,0.216300,0.000000,0.000000,0.000000,1.000000,0.052453,0.028419,-0.004768,-0.889029,-0.005150,0.031472,0.826085
722,1788745198.180713,-0.072200,0.000000,0.216600,0.000000,0.000000,0.000000,1.000000,0.052072,0.028419,-0.004768,-0.890173,-0.005150,0.031472,0.827611
723,1788745198.182861,-0.072300,0.000000,0.216900,0.000000,0.000000,0.000000,1.000000,0.051690,0.028419,-0.004768,-0.891317,-0.004768,0.031472,0.829137
724,1788745198.185019,-0.072400,0.000000,0.217200,0.000000,0.000000,0.000000,1.000000,0.050927,0.028419,-0.004768,-0.893225,-0.004768,0.031472,0.831426
725,1788745198.187309,-0.072500,0.000000,0.217500,0.000000,0.000000,0.000000,1.000000,0.050546,0.028419,-0.004768,-0.893225,-0.004768,0.031090,0.832570
726,1788745198.189581,-0.072600,0.000000,0.217800,0.000000,0.000000,0.000000,1.000000,0.050546,0.028419,-0.004768,-0.895132,-0.004768,0.031090,0.834096
727,1788745198.191844,-0.072700,0.000000,0.218100,0.000000,0.000000,0.000000,1.000000,0.049783,0.028419,-0.004387,-0.896276,-0.004768,0.031090,0.835240
728,1788745198.194055,-0.072800,0.000000,0.218400,0.000000,0.000000,0.000000,1.000000,0.049401,0.028419,-0.004768,-0.896276,-0.004768,0.031090,0.836003
729,1788745198.196183,-0.072900,0.000000,0.218700,0.000000,0.000000,0.000000,1.000000,0.049401,0.028419,-0.004387,-0.897802,-0.004768,0.031090,0.837911
730,1788745198.198370,-0.073000,0.000000,0.219000,0.000000,0.000000,0.000000,1.000000,0.049020,0.028419,-0.004768,-0.898565,-0.004768,0.031472,0.839055
731,1788745198.200544,-0.073100,0.000000,0.219300,0.000000,0.000000,0.000000,1.000000,0.048638,0.028419,-0.004387,-0.899710,-0.004768,0.031472,0.840199
732,1788745198.202688,-0.073200,0.000000,0.219600,0.000000,0.000000,0.000000,1.000000,0.048257,0.028419,-0.004768,-0.900854,-0.004768,0.031472,0.841725
733,1788745198.204832,-0.073300,0.000000,0.219900,0.000000,0.000000,0.000000,1.000000,0.047875,0.028419,-0.004768,-0.901617,-0.004768,0.031472,0.842488
734,1788745198.206976,-0.073400,0.000000,0.220200,0.000000,0.000000,0.000000,1.000000,0.047112,0.028419,-0.004768,-0.903524,-0.004768,0.031472,0.845541
735,1788745198.209120,-0.073500,0.000000,0.220500,0.000000,0.000000,0.000000,1.000000,0.046731,0.028419,-0.004768,-0.904287,-0.004768,0.031472,0.846685
736,1788745198.211276,-0.073600,0.000000,0.220800,0.000000,0.000000,0.000000,1.000000,0.046350,0.028419,-0.004768,-0.905432,-0.004768,0.031472,0.848211
737,1788745198.213504,-0.073700,0.000000,0.221100,0.000000,0.000000,0.000000,1.000000,0.045968,0.028419,-0.004768,-0.906195,-0.004768,0.031472,0.849356
738,1788745198.215657,-0.073800,0.000000,0.221400,0.000000,0.000000,0.000000,1.000000,0.045587,0.028419,-0.004768,-0.907340,-0.004768,0.031472,0.850500
739,1788745198.217784,-0.073900,0.000000,0.221700,0.000000,0.000000,0.000000,1.000000,0.045205,0.028419,-0.004768,-0.907340,-0.004768,0.031472,0.852407
740,1788745198.219903,-0.074000,0.000000,0.222000,0.000000,0.000000,0.000000,1.000000,0.044824,0.028419,-0.004768,-0.907340,-0.004768,0.031472,0.853170
741,1788745198.222029,-0.074100,0.000000,0.222300,0.000000,0.000000,0.000000,1.000000,0.044442,0.028419,-0.004768,-0.910010,-0.005150,0.031472,0.854696
742,1788745198.224160,-0.074200,0.000000,0.222600,0.000000,0.000000,0.000000,1.000000,0.044061,0.028419,-0.004768,-0.910010,-0.005150,0.031472,0.855841
743,1788745198.226330,-0.074300,0.000000,0.222900,0.000000,0.000000,0.000000,1.000000,0.043679,0.028419,-0.004768,-0.911918,-0.005150,0.031472,0.857367
744,1788745198.228497,-0.074400,0.000000,0.223200,0.000000,0.000000,0.000000,1.000000,0.043298,0.028419,-0.004768,-0.913062,-0.005150,0.031472,0.858892
745,1788745198.230649,-0.074500,0.000000,0.223500,0.000000,0.000000,0.000000,1.000000,0.042916,0.028419,-0.004768,-0.913825,-0.005150,0.031472,0.859655
746,1788745198.232859,-0.074600,0.000000,0.223800,0.000000,0.000000,0.000000,1.000000,0.042535,0.028419,-0.004768,-0.914969,-0.005150,0.031472,0.861563
747,1788745198.235028,-0.074700,0.000000,0.224100,0.000000,0.000000,0.000000,1.000000,0.041772,0.028419,-0.004768,-0.916877,-0.005150,0.031472,0.864233
748,1788745198.237188,-0.074800,0.000000,0.224400,0.000000,0.000000,0.000000,1.000000,0.041390,0.028419,-0.004768,-0.918021,-0.005150,0.031472,0.865759
749,1788745198.239345,-0.074900,0.000000,0.224700,0.000000,0.000000,0.000000,1.000000,0.041009,0.028419,-0.004768,-0.918403,-0.005150,0.031472,0.866522
750,1788745198.241492,-0.075000,0.000000,0.225000,0.000000,0.000000,0.000000,1.000000,0.040246,0.028419,-0.004768,-0.919547,-0.005150,0.031472,0.868429
751,1788745198.243651,-0.075100,0.000000,0.225300,0.000000,0.000000,0.000000,1.000000,0.039865,0.028419,-0.004768,-0.920691,-0.005150,0.031472,0.870337
752,1788745198.245815,-0.075200,0.000000,0.225600,0.000000,0.000000,0.000000,1.000000,0.039483,0.028419,-0.004768,-0.921454,-0.005150,0.031472,0.871481
753,1788745198.247962,-0.075300,0.000000,0.225900,0.000000,0.000000,0.000000,1.000000,0.039102,0.028419,-0.004768,-0.922599,-0.005150,0.031472,0.873007
754,1788745198.250111,-0.075400,0.000000,0.226200,0.000000,0.000000,0.000000,1.000000,0.038720,0.028419,-0.004768,-0.923362,-0.005150,0.031472,0.874151
755,1788745198.252251,-0.075500,0.000000,0.226500,0.000000,0.000000,0.000000,1.000000,0.038339,0.028419,-0.004768,-0.924125,-0.005150,0.031472,0.876059
756,1788745198.254413,-0.075600,0.000000,0.226800,0.000000,0.000000,0.000000,1.000000,0.037957,0.028419,-0.004768,-0.925651,-0.005150,0.031472,0.877584
757,1788745198.256546,-0.075700,0.000000,0.227100,0.000000,0.000000,0.000000,1.000000,0.037576,0.028419,-0.004768,-0.926032,-0.005150,0.031472,0.878729
758,1788745198.258670,-0.075800,0.000000,0.227400,0.000000,0.000000,0.000000,1.000000,0.037194,0.028419,-0.004768,-0.927176,-0.005150,0.031472,0.880255
759,1788745198.260804,-0.075900,0.000000,0.227700,0.000000,0.000000,0.000000,1.000000,0.036431,0.028419,-0.004768,-0.927176,-0.005150,0.031472,0.881018
760,1788745198.262958,-0.076000,0.000000,0.228000,0.000000,0.000000,0.000000,1.000000,0.035668,0.028419,-0.004768,-0.930228,-0.005150,0.031472,0.884451
761,1788745198.265256,-0.076100,0.000000,0.228300,0.000000,0.000000,0.000000,1.000000,0.035287,0.028419,-0.004768,-0.930610,-0.005150,0.031472,0.885214
762,1788745198.267522,-0.076200,0.000000,0.228600,0.000000,0.000000,0.000000,1.000000,0.034524,0.028419,-0.004768,-0.931754,-0.005150,0.031472,0.886740
763,1788745198.269725,-0.076300,0.000000,0.228900,0.000000,0.000000,0.000000,1.000000,0.034142,0.028419,-0.004768,-0.931754,-0.005150,0.031472,0.887884
764,1788745198.271898,-0.076400,0.000000,0.229200,0.000000,0.000000,0.000000,1.000000,0.033761,0.028419,-0.004768,-0.933280,-0.005150,0.031472,0.889029
765,1788745198.274071,-0.076500,0.000000,0.229500,0.000000,0.000000,0.000000,1.000000,0.033380,0.028419,-0.004768,-0.934424,-0.005150,0.031472,0.890936
766,1788745198.276264,-0.076600,0.000000,0.229800,0.000000,0.000000,0.000000,1.000000,0.032998,0.028419,-0.004768,-0.934806,-0.005150,0.031472,0.891699
767,1788745198.278442,-0.076700,0.000000,0.230100,0.000000,0.000000,0.000000,1.000000,0.032617,0.028419,-0.004768,-0.935950,-0.005150,0.031472,0.893225
768,1788745198.280626,-0.076800,0.000000,0.230400,0.000000,0.000000,0.000000,1.000000,0.031854,0.028419,-0.004768,-0.937095,-0.004768,0.031854,0.894369
769,1788745198.282788,-0.076900,0.000000,0.230700,0.000000,0.000000,0.000000,1.000000,0.031854,0.028419,-0.004768,-0.937858,-0.005150,0.031854,0.895132
770,1788745198.285026,-0.077000,0.000000,0.231000,0.000000,0.000000,0.000000,1.000000,0.030708,0.028419,-0.004768,-0.939384,-0.005150,0.031854,0.897421
771,1788745198.287205,-0.077100,0.000000,0.231300,0.000000,0.000000,0.000000,1.000000,0.030327,0.028419,-0.004768,-0.940528,-0.004768,0.031854,0.898565
772,1788745198.289411,-0.077200,0.000000,0.231600,0.000000,0.000000,0.000000,1.000000,0.029945,0.028801,-0.004768,-0.941672,-0.005150,0.031854,0.899710
773,1788745198.291577,-0.077300,0.000000,0.231900,0.000000,0.000000,0.000000,1.000000,0.029564,0.028801,-0.004768,-0.942435,-0.005150,0.032235,0.900854
774,1788745198.293737,-0.077400,0.000000,0.232200,0.000000,0.000000,0.000000,1.000000,0.028801,0.028801,-0.004768,-0.943198,-0.005150,0.032235,0.902761
775,1788745198.295897,-0.077500,0.000000,0.232500,0.000000,0.000000,0.000000,1.000000,0.028038,0.028801,-0.004768,-0.943198,-0.005150,0.032235,0.903524
776,1788745198.298064,-0.077600,0.000000,0.232800,0.000000,0.000000,0.000000,1.000000,0.027657,0.028801,-0.004768,-0.945106,-0.005150,0.032617,0.905050
777,1788745198.300224,-0.077700,0.000000,0.233100,0.000000,0.000000,0.000000,1.000000,0.027275,0.028801,-0.004768,-0.946250,-0.005150,0.032617,0.906959
778,1788745198.302378,-0.077800,0.000000,0.233400,0.000000,0.000000,0.000000,1.000000,0.026512,0.028801,-0.004768,-0.946250,-0.005150,0.032617,0.908103
779,1788745198.304557,-0.077900,0.000000,0.233700,0.000000,0.000000,0.000000,1.000000,0.026131,0.028801,-0.004768,-0.947776,-0.005150,0.032998,0.910010
780,1788745198.306734,-0.078000,0.000000,0.234000,0.000000,0.000000,0.000000,1.000000,0.025749,0.028801,-0.004768,-0.948539,-0.005150,0.032998,0.911155
781,1788745198.308905,-0.078100,0.000000,0.234300,0.000000,0.000000,0.000000,1.000000,0.024986,0.028801,-0.004768,-0.950828,-0.005150,0.033380,0.914969
782,1788745198.311062,-0.078200,0.000000,0.234600,0.000000,0.000000,0.000000,1.000000,0.024605,0.029182,-0.004768,-0.951591,-0.005150,0.033380,0.916114
783,1788745198.313218,-0.078300,0.000000,0.234900,0.000000,0.000000,0.000000,1.000000,0.023842,0.029182,-0.004768,-0.952735,-0.005150,0.033761,0.917640
784,1788745198.315376,-0.078400,0.000000,0.235200,0.000000,0.000000,0.000000,1.000000,0.023460,0.029182,-0.004768,-0.953879,-0.005150,0.034142,0.919166
785,1788745198.317524,-0.078500,0.000000,0.235500,0.000000,0.000000,0.000000,1.000000,0.023079,0.029182,-0.004768,-0.954642,-0.005150,0.034142,0.920310
786,1788745198.319663,-0.078600,0.000000,0.235800,0.000000,0.000000,0.000000,1.000000,0.022316,0.029182,-0.004768,-0.955405,-0.005150,0.034524,0.921836
787,1788745198.321797,-0.078700,0.000000,0.236100,0.000000,0.000000,0.000000,1.000000,0.021553,0.029182,-0.004768,-0.955405,-0.005150,0.034524,0.922599
788,1788745198.324008,-0.078800,0.000000,0.236400,0.000000,0.000000,0.000000,1.000000,0.021172,0.029564,-0.004768,-0.957313,-0.005150,0.034524,0.924506
789,1788745198.326185,-0.078900,0.000000,0.236700,0.000000,0.000000,0.000000,1.000000,0.020790,0.029564,-0.004768,-0.958076,-0.005150,0.034524,0.925651
790,1788745198.328370,-0.079000,0.000000,0.237000,0.000000,0.000000,0.000000,1.000000,0.020409,0.029564,-0.004768,-0.958838,-0.005150,0.034524,0.926795
791,1788745198.330549,-0.079100,0.000000,0.237300,0.000000,0.000000,0.000000,1.000000,0.020027,0.029564,-0.004768,-0.959983,-0.005150,0.034524,0.928321
792,1788745198.332756,-0.079200,0.000000,0.237600,0.000000,0.000000,0.000000,1.000000,0.019646,0.029564,-0.004768,-0.960364,-0.005150,0.034142,0.929084
793,1788745198.334938,-0.079300,0.000000,0.237900,0.000000,0.000000,0.000000,1.000000,0.018501,0.029945,-0.004768,-0.962653,-0.005150,0.034524,0.932517
794,1788745198.337068,-0.079400,0.000000,0.238200,0.000000,0.000000,0.000000,1.000000,0.018120,0.029945,-0.004768,-0.963035,-0.005150,0.034524,0.933280
795,1788745198.339218,-0.079500,0.000000,0.238500,0.000000,0.000000,0.000000,1.000000,0.017738,0.029945,-0.004768,-0.964179,-0.005150,0.034524,0.934806
796,1788745198.341357,-0.079600,0.000000,0.238800,0.000000,0.000000,0.000000,1.000000,0.016975,0.029945,-0.004768,-0.964179,-0.005150,0.034524,0.935950
797,1788745198.343602,-0.079700,0.000000,0.239100,0.000000,0.000000,0.000000,1.000000,0.016594,0.030327,-0.004768,-0.966086,-0.005150,0.034524,0.937476
798,1788745198.345786,-0.079800,0.000000,0.239400,0.000000,0.000000,0.000000,1.000000,0.015831,0.030327,-0.004768,-0.967231,-0.005150,0.034905,0.939384
799,1788745198.347956,-0.079900,0.000000,0.239700,0.000000,0.000000,0.000000,1.000000,0.015068,0.030327,-0.004768,-0.967231,-0.005150,0.034905,0.940146
800,1788745198.350098,-0.080000,0.000000,0.240000,0.000000,0.000000,0.000000,1.000000,0.014687,0.030327,-0.004768,-0.968758,-0.005150,0.034905,0.941672
801,1788745198.352244,-0.080100,0.000000,0.240300,0.000000,0.000000,0.000000,1.000000,0.014305,0.030327,-0.004768,-0.969902,-0.005150,0.034905,0.943580
802,1788745198.354385,-0.080200,0.000000,0.240600,0.000000,0.000000,0.000000,1.000000,0.013924,0.030327,-0.004768,-0.970665,-0.005150,0.034524,0.944343
803,1788745198.356576,-0.080300,0.000000,0.240900,0.000000,0.000000,0.000000,1.000000,0.013542,0.030327,-0.004768,-0.971809,-0.005150,0.034524,0.945868
804,1788745198.358818,-0.080400,0.000000,0.241200,0.000000,0.000000,0.000000,1.000000,0.013161,0.030708,-0.004768,-0.972572,-0.005150,0.034905,0.946631
805,1788745198.361162,-0.080500,0.000000,0.241500,0.000000,0.000000,0.000000,1.000000,0.012016,0.030708,-0.004768,-0.974480,-0.005150,0.034905,0.949683
806,1788745198.363523,-0.080600,0.000000,0.241800,0.000000,0.000000,0.000000,1.000000,0.011635,0.030708,-0.004768,-0.975243,-0.005150,0.034524,0.950828
807,1788745198.365803,-0.080700,0.000000,0.242100,0.000000,0.000000,0.000000,1.000000,0.010872,0.030708,-0.004768,-0.976006,-0.005150,0.034524,0.951972
808,1788745198.368188,-0.080800,0.000000,0.242400,0.000000,0.000000,0.000000,1.000000,0.010490,0.030708,-0.005150,-0.976006,-0.005150,0.034905,0.953116
809,1788745198.370345,-0.080900,0.000000,0.242700,0.000000,0.000000,0.000000,1.000000,0.010109,0.030708,-0.004768,-0.977913,-0.005150,0.034905,0.954642
810,1788745198.372487,-0.081000,0.000000,0.243000,0.000000,0.000000,0.000000,1.000000,0.009346,0.030708,-0.005150,-0.979057,-0.005150,0.034905,0.956550
811,1788745198.374667,-0.081100,0.000000,0.243300,0.000000,0.000000,0.000000,1.000000,0.008965,0.030708,-0.005150,-0.979820,-0.005150,0.034905,0.957694
812,1788745198.376835,-0.081200,0.000000,0.243600,0.000000,0.000000,0.000000,1.000000,0.008583,0.030708,-0.005150,-0.980965,-0.005150,0.034905,0.959601
813,1788745198.379007,-0.081300,0.000000,0.243900,0.000000,0.000000,0.000000,1.000000,0.007439,0.031090,-0.005150,-0.982491,-0.005150,0.034905,0.962272
814,1788745198.381159,-0.081400,0.000000,0.244200,0.000000,0.000000,0.000000,1.000000,0.007057,0.031090,-0.005150,-0.982491,-0.005150,0.034905,0.964179
815,1788745198.383359,-0.081500,0.000000,0.244500,0.000000,0.000000,0.000000,1.000000,0.006294,0.031090,-0.005150,-0.982491,-0.004768,0.034905,0.965323
816,1788745198.385534,-0.081600,0.000000,0.244800,0.000000,0.000000,0.000000,1.000000,0.005913,0.031090,-0.005150,-0.985542,-0.004768,0.034905,0.966849
817,1788745198.387697,-0.081700,0.000000,0.245100,0.000000,0.000000,0.000000,1.000000,0.005150,0.031090,-0.005150,-0.985542,-0.005150,0.034905,0.967994
818,1788745198.389869,-0.081800,0.000000,0.245400,0.000000,0.000000,0.000000,1.000000,0.004768,0.031472,-0.005150,-0.987068,-0.005150,0.034905,0.969521
819,1788745198.392096,-0.081900,0.000000,0.245700,0.000000,0.000000,0.000000,1.000000,0.004005,0.031472,-0.005150,-0.988213,-0.005150,0.034905,0.970665
820,1788745198.394299,-0.082000,0.000000,0.246000,0.000000,0.000000,0.000000,1.000000,0.003624,0.031472,-0.005150,-0.988976,-0.004768,0.034905,0.971809
821,1788745198.396495,-0.082100,0.000000,0.246300,0.000000,0.000000,0.000000,1.000000,0.003242,0.031854,-0.005150,-0.989738,-0.004768,0.034905,0.973717
822,1788745198.398663,-0.082200,0.000000,0.246600,0.000000,0.000000,0.000000,1.000000,0.002480,0.031854,-0.005150,-0.990883,-0.004768,0.034905,0.974861
823,1788745198.400836,-0.082300,0.000000,0.246900,0.000000,0.000000,0.000000,1.000000,0.002098,0.032235,-0.005150,-0.991646,-0.004768,0.035287,0.976006
824,1788745198.403043,-0.082400,0.000000,0.247200,0.000000,0.000000,0.000000,1.000000,0.001335,0.032235,-0.005150,-0.993172,-0.005150,0.035287,0.977913
825,1788745198.405215,-0.082500,0.000000,0.247500,0.000000,0.000000,0.000000,1.000000,0.000572,0.032617,-0.005531,-0.993935,-0.004768,0.035287,0.979439
826,1788745198.407376,-0.082600,0.000000,0.247800,0.000000,0.000000,0.000000,1.000000,-0.000191,0.032617,-0.005531,-0.995079,-0.004768,0.035287,0.980965
827,1788745198.409541,-0.082700,0.000000,0.248100,0.000000,0.000000,0.000000,1.000000,-0.000572,0.032617,-0.005531,-0.995461,-0.004768,0.035287,0.981728
828,1788745198.411756,-0.082800,0.000000,0.248400,0.000000,0.000000,0.000000,1.000000,-0.001335,0.032998,-0.005531,-0.996986,-0.004768,0.035668,0.983635
829,1788745198.413946,-0.082900,0.000000,0.248700,0.000000,0.000000,0.000000,1.000000,-0.001717,0.032998,-0.005531,-0.997368,-0.004768,0.035287,0.984398
830,1788745198.416126,-0.083000,0.000000,0.249000,0.000000,0.000000,0.000000,1.000000,-0.002480,0.032998,-0.005531,-0.998512,-0.004768,0.035668,0.985924
831,1788745198.418300,-0.083100,0.000000,0.249300,0.000000,0.000000,0.000000,1.000000,-0.003242,0.032998,-0.005531,-0.999657,-0.004768,0.035668,0.987831
832,1788745198.420463,-0.083200,0.000000,0.249600,0.000000,0.000000,0.000000,1.000000,-0.003624,0.032998,-0.005531,-1.000038,-0.005150,0.035668,0.988594
833,1788745198.422616,-0.083300,0.000000,0.249900,0.000000,0.000000,0.000000,1.000000,-0.004005,0.033380,-0.005531,-1.001183,-0.004768,0.035668,0.989738
834,1788745198.424768,-0.083400,0.000000,0.250200,0.000000,0.000000,0.000000,1.000000,-0.004768,0.033380,-0.005531,-1.001183,-0.004768,0.035668,0.990501
835,1788745198.426938,-0.083500,0.000000,0.250500,0.000000,0.000000,0.000000,1.000000,-0.005531,0.033380,-0.005531,-1.003471,-0.005150,0.035287,0.992027
836,1788745198.429090,-0.083600,0.000000,0.250800,0.000000,0.000000,0.000000,1.000000,-0.005913,0.033761,-0.005531,-1.004234,-0.005150,0.035668,0.992409
837,1788745198.431249,-0.083700,0.000000,0.251100,0.000000,0.000000,0.000000,1.000000,-0.007057,0.033761,-0.005531,-1.004997,-0.005150,0.035668,0.992790
838,1788745198.433466,-0.083800,0.000000,0.251400,0.000000,0.000000,0.000000,1.000000,-0.007439,0.033761,-0.005531,-1.005760,-0.005150,0.035287,0.992790
839,1788745198.435654,-0.083900,0.000000,0.251700,0.000000,0.000000,0.000000,1.000000,-0.007820,0.034142,-0.005531,-1.006142,-0.005150,0.035668,0.992790
840,1788745198.437838,-0.084000,0.000000,0.252000,0.000000,0.000000,0.000000,1.000000,-0.008583,0.034142,-0.005531,-1.007286,-0.005150,0.035668,0.992790
841,1788745198.440026,-0.084100,0.000000,0.252300,0.000000,0.000000,0.000000,1.000000,-0.008965,0.034142,-0.005531,-1.007668,-0.005150,0.035668,0.992790
842,1788745198.442254,-0.084200,0.000000,0.252600,0.000000,0.000000,0.000000,1.000000,-0.009727,0.034142,-0.005531,-1.008430,-0.005150,0.035668,0.992790
843,1788745198.444461,-0.084300,0.000000,0.252900,0.000000,0.000000,0.000000,1.000000,-0.010109,0.034524,-0.005531,-1.008430,-0.005150,0.035287,0.992790
844,1788745198.446657,-0.084400,0.000000,0.253200,0.000000,0.000000,0.000000,1.000000,-0.010490,0.034524,-0.005913,-1.008430,-0.005150,0.035668,0.992790
845,1788745198.448824,-0.084500,0.000000,0.253500,0.000000,0.000000,0.000000,1.000000,-0.010872,0.034524,-0.005531,-1.010719,-0.005150,0.035668,0.992790
846,1788745198.451001,-0.084600,0.000000,0.253800,0.000000,0.000000,0.000000,1.000000,-0.012016,0.034905,-0.005531,-1.012245,-0.005150,0.035668,0.993553
847,1788745198.453210,-0.084700,0.000000,0.254100,0.000000,0.000000,0.000000,1.000000,-0.012779,0.034905,-0.005531,-1.013008,-0.005150,0.035668,0.993935
848,1788745198.455376,-0.084800,0.000000,0.254400,0.000000,0.000000,0.000000,1.000000,-0.013542,0.034905,-0.005531,-1.013771,-0.005150,0.035668,0.994316
849,1788745198.457549,-0.084900,0.000000,0.254700,0.000000,0.000000,0.000000,1.000000,-0.013924,0.034905,-0.005913,-1.014534,-0.005150,0.035668,0.995079
850,1788745198.459730,-0.085000,0.000000,0.255000,0.000000,0.000000,0.000000,1.000000,-0.014687,0.034905,-0.005531,-1.015678,-0.005150,0.035668,0.995842
851,1788745198.461953,-0.085100,0.000000,0.255300,0.000000,0.000000,0.000000,1.000000,-0.015068,0.034905,-0.005913,-1.016060,-0.005150,0.035668,0.996223
852,1788745198.464143,-0.085200,0.000000,0.255600,0.000000,0.000000,0.000000,1.000000,-0.015831,0.034905,-0.005531,-1.016823,-0.004768,0.035668,0.996605
853,1788745198.466316,-0.085300,0.000000,0.255900,0.000000,0.000000,0.000000,1.000000,-0.016594,0.035287,-0.005531,-1.016823,-0.005150,0.035668,0.996986
854,1788745198.468514,-0.085400,0.000000,0.256200,0.000000,0.000000,0.000000,1.000000,-0.016975,0.035287,-0.005531,-1.018349,-0.005150,0.035668,0.997368
855,1788745198.470681,-0.085500,0.000000,0.256500,0.000000,0.000000,0.000000,1.000000,-0.017738,0.035287,-0.005531,-1.019493,-0.005150,0.035668,0.997749
856,1788745198.472848,-0.085600,0.000000,0.256800,0.000000,0.000000,0.000000,1.000000,-0.018501,0.035287,-0.005531,-1.019493,-0.005150,0.035668,0.997749
857,1788745198.475057,-0.085700,0.000000,0.257100,0.000000,0.000000,0.000000,1.000000,-0.019264,0.035287,-0.005531,-1.021400,-0.005150,0.036050,0.997749
858,1788745198.477240,-0.085800,0.000000,0.257400,0.000000,0.000000,0.000000,1.000000,-0.020027,0.035287,-0.005531,-1.022163,-0.004768,0.036431,0.998131
859,1788745198.479427,-0.085900,0.000000,0.257700,0.000000,0.000000,0.000000,1.000000,-0.020790,0.035287,-0.005531,-1.023308,-0.004768,0.036813,0.997749
860,1788745198.481668,-0.086000,0.000000,0.258000,0.000000,0.000000,0.000000,1.000000,-0.021553,0.035287,-0.005531,-1.023689,-0.004768,0.036813,0.997749
861,1788745198.483950,-0.086100,0.000000,0.258300,0.000000,0.000000,0.000000,1.000000,-0.022316,0.035287,-0.005531,-1.024834,-0.004768,0.037576,0.997749
862,1788745198.486198,-0.086200,0.000000,0.258600,0.000000,0.000000,0.000000,1.000000,-0.022697,0.035287,-0.005531,-1.025597,-0.005150,0.038339,0.997749
863,1788745198.488380,-0.086300,0.000000,0.258900,0.000000,0.000000,0.000000,1.000000,-0.023460,0.035287,-0.005531,-1.026360,-0.004768,0.038339,0.997749
864,1788745198.490548,-0.086400,0.000000,0.259200,0.000000,0.000000,0.000000,1.000000,-0.023842,0.035287,-0.005531,-1.027122,-0.005150,0.038720,0.997749
865,1788745198.492724,-0.086500,0.000000,0.259500,0.000000,0.000000,0.000000,1.000000,-0.024223,0.035287,-0.005531,-1.027122,-0.005150,0.038720,0.998131
866,1788745198.494889,-0.086600,0.000000,0.259800,0.000000,0.000000,0.000000,1.000000,-0.024986,0.035287,-0.005531,-1.028648,-0.005150,0.038339,0.998512
867,1788745198.497142,-0.086700,0.000000,0.260100,0.000000,0.000000,0.000000,1.000000,-0.026131,0.035287,-0.005913,-1.029793,-0.004768,0.038339,0.998512
868,1788745198.499332,-0.086800,0.000000,0.260400,0.000000,0.000000,0.000000,1.000000,-0.026894,0.035287,-0.005531,-1.031320,-0.004768,0.038339,0.998512
869,1788745198.501471,-0.086900,0.000000,0.260700,0.000000,0.000000,0.000000,1.000000,-0.027657,0.035287,-0.005531,-1.032083,-0.004768,0.038339,0.998512
870,1788745198.503622,-0.087000,0.000000,0.261000,0.000000,0.000000,0.000000,1.000000,-0.028038,0.035287,-0.005531,-1.032464,-0.004768,0.038339,0.998512
871,1788745198.505818,-0.087100,0.000000,0.261300,0.000000,0.000000,0.000000,1.000000,-0.028801,0.035287,-0.005531,-1.033608,-0.004768,0.038339,0.998512
872,1788745198.507967,-0.087200,0.000000,0.261600,0.000000,0.000000,0.000000,1.000000,-0.029564,0.035668,-0.005531,-1.034371,-0.004768,0.038339,0.998512
873,1788745198.510103,-0.087300,0.000000,0.261900,0.000000,0.000000,0.000000,1.000000,-0.029945,0.035668,-0.005531,-1.034753,-0.004768,0.038339,0.998512
874,1788745198.512238,-0.087400,0.000000,0.262200,0.000000,0.000000,0.000000,1.000000,-0.030327,0.035668,-0.005531,-1.035897,-0.005150,0.038720,0.998131
875,1788745198.514380,-0.087500,0.000000,0.262500,0.000000,0.000000,0.000000,1.000000,-0.030708,0.035668,-0.005531,-1.036279,-0.004768,0.038720,0.998131
876,1788745198.516636,-0.087600,0.000000,0.262800,0.000000,0.000000,0.000000,1.000000,-0.031472,0.035668,-0.005531,-1.037042,-0.004768,0.038339,0.997749
877,1788745198.518860,-0.087700,0.000000,0.263100,0.000000,0.000000,0.000000,1.000000,-0.032235,0.035668,-0.005531,-1.038186,-0.005150,0.038720,0.997749
878,1788745198.521008,-0.087800,0.000000,0.263400,0.000000,0.000000,0.000000,1.000000,-0.033380,0.035668,-0.005531,-1.039712,-0.004768,0.038720,0.997749
879,1788745198.523241,-0.087900,0.000000,0.263700,0.000000,0.000000,0.000000,1.000000,-0.033761,0.035668,-0.005531,-1.040093,-0.004768,0.038339,0.997749
880,1788745198.525430,-0.088000,0.000000,0.264000,0.000000,0.000000,0.000000,1.000000,-0.034524,0.035668,-0.005531,-1.041238,-0.004768,0.038339,0.998131
881,1788745198.527595,-0.088100,0.000000,0.264300,0.000000,0.000000,0.000000,1.000000,-0.034905,0.035668,-0.005531,-1.042001,-0.004768,0.038720,0.997749
882,1788745198.529775,-0.088200,0.000000,0.264600,0.000000,0.000000,0.000000,1.000000,-0.035287,0.035668,-0.005531,-1.042764,-0.004768,0.038720,0.998131
883,1788745198.531981,-0.088300,0.000000,0.264900,0.000000,0.000000,0.000000,1.000000,-0.036050,0.035668,-0.005531,-1.043527,-0.004768,0.038720,0.998131
884,1788745198.534134,-0.088400,0.000000,0.265200,0.000000,0.000000,0.000000,1.000000,-0.036813,0.035668,-0.005531,-1.043527,-0.005150,0.038720,0.998131
885,1788745198.536258,-0.088500,0.000000,0.265500,0.000000,0.000000,0.000000,1.000000,-0.037194,0.035668,-0.005531,-1.045053,-0.005150,0.038339,0.998131
886,1788745198.538446,-0.088600,0.000000,0.265800,0.000000,0.000000,0.000000,1.000000,-0.037576,0.035668,-0.005913,-1.045815,-0.005150,0.038720,0.998131
887,1788745198.540606,-0.088700,0.000000,0.266100,0.000000,0.000000,0.000000,1.000000,-0.037957,0.035668,-0.005913,-1.045815,-0.005150,0.038720,0.998131
888,1788745198.542804,-0.088800,0.000000,0.266400,0.000000,0.000000,0.000000,1.000000,-0.038720,0.036050,-0.005913,-1.046960,-0.005150,0.038339,0.998131
889,1788745198.544995,-0.088900,0.000000,0.266700,0.000000,0.000000,0.000000,1.000000,-0.039483,0.036050,-0.005913,-1.047723,-0.004768,0.038339,0.998131
890,1788745198.547147,-0.089000,0.000000,0.267000,0.000000,0.000000,0.000000,1.000000,-0.039865,0.036050,-0.005913,-1.047723,-0.005150,0.038720,0.998131
891,1788745198.549283,-0.089100,0.000000,0.267300,0.000000,0.000000,0.000000,1.000000,-0.040627,0.036050,-0.005913,-1.048486,-0.005150,0.038339,0.997749
892,1788745198.551426,-0.089200,0.000000,0.267600,0.000000,0.000000,0.000000,1.000000,-0.041009,0.036050,-0.005913,-1.050393,-0.005150,0.038720,0.997749
893,1788745198.553616,-0.089300,0.000000,0.267900,0.000000,0.000000,0.000000,1.000000,-0.041390,0.036431,-0.005913,-1.051156,-0.005150,0.038720,0.997749
894,1788745198.555798,-0.089400,0.000000,0.268200,0.000000,0.000000,0.000000,1.000000,-0.041390,0.036431,-0.005913,-1.051919,-0.005150,0.038720,0.997749
895,1788745198.557973,-0.089500,0.000000,0.268500,0.000000,0.000000,0.000000,1.000000,-0.042153,0.036431,-0.005913,-1.052300,-0.005150,0.038720,0.997368
896,1788745198.560134,-0.089600,0.000000,0.268800,0.000000,0.000000,0.000000,1.000000,-0.042535,0.036813,-0.005913,-1.053445,-0.004768,0.038720,0.997368
897,1788745198.562270,-0.089700,0.000000,0.269100,0.000000,0.000000,0.000000,1.000000,-0.042916,0.036813,-0.005913,-1.053445,-0.005150,0.038720,0.997368
898,1788745198.564409,-0.089800,0.000000,0.269400,0.000000,0.000000,0.000000,1.000000,-0.043298,0.037194,-0.005913,-1.054589,-0.004768,0.038720,0.997368
899,1788745198.566573,-0.089900,0.000000,0.269700,0.000000,0.000000,0.000000,1.000000,-0.043298,0.037194,-0.005913,-1.054971,-0.004768,0.038720,0.997368
900,1788745198.568721,-0.090000,0.000000,0.270000,0.000000,0.000000,0.000000,1.000000,-0.043679,0.037194,-0.006294,-1.055734,-0.004768,0.038720,0.997368
901,1788745198.570860,-0.090100,0.000000,0.270300,0.000000,0.000000,0.000000,1.000000,-0.044061,0.037576,-0.006294,-1.056497,-0.005150,0.038720,0.996986
902,1788745198.572993,-0.090200,0.000000,0.270600,0.000000,0.000000,0.000000,1.000000,-0.044824,0.037957,-0.006676,-1.057641,-0.005150,0.038720,0.997368
903,1788745198.575257,-0.090300,0.000000,0.270900,0.000000,0.000000,0.000000,1.000000,-0.044824,0.037957,-0.006676,-1.058022,-0.004768,0.038720,0.997368
904,1788745198.577521,-0.090400,0.000000,0.271200,0.000000,0.000000,0.000000,1.000000,-0.045205,0.038339,-0.006676,-1.058785,-0.004768,0.039102,0.997368
905,1788745198.579799,-0.090500,0.000000,0.271500,0.000000,0.000000,0.000000,1.000000,-0.045587,0.038720,-0.006676,-1.059548,-0.004768,0.039102,0.997749
906,1788745198.582095,-0.090600,0.000000,0.271800,0.000000,0.000000,0.000000,1.000000,-0.045587,0.038720,-0.006676,-1.059548,-0.005150,0.039102,0.997368
907,1788745198.584365,-0.090700,0.000000,0.272100,0.000000,0.000000,0.000000,1.000000,-0.045968,0.039102,-0.006676,-1.060311,-0.004768,0.039102,0.997368
908,1788745198.586547,-0.090800,0.000000,0.272400,0.000000,0.000000,0.000000,1.000000,-0.046350,0.039483,-0.006676,-1.061074,-0.004768,0.039102,0.997368
909,1788745198.588701,-0.090900,0.000000,0.272700,0.000000,0.000000,0.000000,1.000000,-0.046350,0.039483,-0.006676,-1.061456,-0.005150,0.039102,0.997368
910,1788745198.590877,-0.091000,0.000000,0.273000,0.000000,0.000000,0.000000,1.000000,-0.046731,0.039865,-0.006676,-1.062219,-0.005150,0.039483,0.997368
911,1788745198.593053,-0.091100,0.000000,0.273300,0.000000,0.000000,0.000000,1.000000,-0.047112,0.040246,-0.006676,-1.063363,-0.005150,0.039102,0.997368
912,1788745198.595212,-0.091200,0.000000,0.273600,0.000000,0.000000,0.000000,1.000000,-0.047494,0.040246,-0.006676,-1.063745,-0.005150,0.039483,0.997368
913,1788745198.597410,-0.091300,0.000000,0.273900,0.000000,0.000000,0.000000,1.000000,-0.047494,0.040246,-0.006676,-1.063745,-0.005150,0.039102,0.997368
914,1788745198.599576,-0.091400,0.000000,0.274200,0.000000,0.000000,0.000000,1.000000,-0.047494,0.040246,-0.006676,-1.064507,-0.005150,0.039102,0.997749
915,1788745198.601733,-0.091500,0.000000,0.274500,0.000000,0.000000,0.000000,1.000000,-0.047875,0.040246,-0.006676,-1.064507,-0.005531,0.039102,0.997749
916,1788745198.603884,-0.091600,0.000000,0.274800,0.000000,0.000000,0.000000,1.000000,-0.047875,0.040246,-0.006676,-1.065270,-0.005531,0.039102,0.997749
917,1788745198.606053,-0.091700,0.000000,0.275100,0.000000,0.000000,0.000000,1.000000,-0.048257,0.040246,-0.006676,-1.065652,-0.005150,0.039102,0.997749
918,1788745198.608230,-0.091800,0.000000,0.275400,0.000000,0.000000,0.000000,1.000000,-0.048257,0.040246,-0.007057,-1.065652,-0.005150,0.039102,0.997749
919,1788745198.610396,-0.091900,0.000000,0.275700,0.000000,0.000000,0.000000,1.000000,-0.048257,0.040627,-0.007057,-1.066796,-0.005150,0.039483,0.997749
920,1788745198.612559,-0.092000,0.000000,0.276000,0.000000,0.000000,0.000000,1.000000,-0.048638,0.040627,-0.007057,-1.067178,-0.005150,0.039102,0.997368
921,1788745198.614748,-0.092100,0.000000,0.276300,0.000000,0.000000,0.000000,1.000000,-0.048638,0.040627,-0.007057,-1.067559,-0.005531,0.039102,0.997368
922,1788745198.616931,-0.092200,0.000000,0.276600,0.000000,0.000000,0.000000,1.000000,-0.049020,0.041009,-0.007439,-1.067941,-0.005531,0.039483,0.997749
923,1788745198.619143,-0.092300,0.000000,0.276900,0.000000,0.000000,0.000000,1.000000,-0.049020,0.041009,-0.007439,-1.068704,-0.005150,0.039483,0.997749
924,1788745198.621313,-0.092400,0.000000,0.277200,0.000000,0.000000,0.000000,1.000000,-0.049020,0.041009,-0.007820,-1.069085,-0.005531,0.039865,0.998131
925,1788745198.623523,-0.092500,0.000000,0.277500,0.000000,0.000000,0.000000,1.000000,-0.049020,0.041390,-0.007820,-1.069085,-0.005531,0.039865,0.998131
926,1788745198.625685,-0.092600,0.000000,0.277800,0.000000,0.000000,0.000000,1.000000,-0.049401,0.041390,-0.007820,-1.069467,-0.005150,0.039865,0.998131
927,1788745198.627866,-0.092700,0.000000,0.278100,0.000000,0.000000,0.000000,1.000000,-0.049401,0.041390,-0.007820,-1.069467,-0.005150,0.040246,0.998131
928,1788745198.630035,-0.092800,0.000000,0.278400,0.000000,0.000000,0.000000,1.000000,-0.049401,0.041390,-0.007820,-1.069848,-0.005150,0.040627,0.998131
929,1788745198.632173,-0.092900,0.000000,0.278700,0.000000,0.000000,0.000000,1.000000,-0.049783,0.041772,-0.007820,-1.070611,-0.005150,0.041009,0.998131
930,1788745198.634346,-0.093000,0.000000,0.279000,0.000000,0.000000,0.000000,1.000000,-0.049783,0.041772,-0.008202,-1.070611,-0.005150,0.041390,0.998131
931,1788745198.636588,-0.093100,0.000000,0.279300,0.000000,0.000000,0.000000,1.000000,-0.049783,0.041772,-0.008202,-1.070992,-0.005531,0.041772,0.998131
932,1788745198.638869,-0.093200,0.000000,0.279600,0.000000,0.000000,0.000000,1.000000,-0.049783,0.041772,-0.008202,-1.071374,-0.005150,0.042153,0.997749
933,1788745198.641135,-0.093300,0.000000,0.279900,0.000000,0.000000,0.000000,1.000000,-0.050164,0.042153,-0.008583,-1.071755,-0.005531,0.042535,0.997749
934,1788745198.643406,-0.093400,0.000000,0.280200,0.000000,0.000000,0.000000,1.000000,-0.050546,0.042153,-0.008583,-1.072137,-0.005531,0.042535,0.997749
935,1788745198.645699,-0.093500,0.000000,0.280500,0.000000,0.000000,0.000000,1.000000,-0.050546,0.042535,-0.008583,-1.072137,-0.005531,0.042535,0.998131
936,1788745198.647968,-0.093600,0.000000,0.280800,0.000000,0.000000,0.000000,1.000000,-0.050546,0.042535,-0.008583,-1.072518,-0.005531,0.042535,0.998131
937,1788745198.650257,-0.093700,0.000000,0.281100,0.000000,0.000000,0.000000,1.000000,-0.050927,0.042535,-0.008583,-1.072900,-0.005531,0.042153,0.998131
938,1788745198.652512,-0.093800,0.000000,0.281400,0.000000,0.000000,0.000000,1.000000,-0.050927,0.042535,-0.008583,-1.073281,-0.005531,0.042153,0.998131
939,1788745198.654777,-0.093900,0.000000,0.281700,0.000000,0.000000,0.000000,1.000000,-0.050927,0.042535,-0.008583,-1.073281,-0.005531,0.042153,0.998131
940,1788745198.657089,-0.094000,0.000000,0.282000,0.000000,0.000000,0.000000,1.000000,-0.051309,0.042916,-0.008583,-1.074044,-0.005531,0.042153,0.998512
941,1788745198.659389,-0.094100,0.000000,0.282300,0.000000,0.000000,0.000000,1.000000,-0.051309,0.042916,-0.008583,-1.074044,-0.005531,0.042153,0.998512
942,1788745198.661662,-0.094200,0.000000,0.282600,0.000000,0.000000,0.000000,1.000000,-0.051690,0.042916,-0.008583,-1.074426,-0.005913,0.042535,0.998512
943,1788745198.663925,-0.094300,0.000000,0.282900,0.000000,0.000000,0.000000,1.000000,-0.051690,0.042916,-0.008583,-1.074807,-0.005913,0.042535,0.998512
944,1788745198.666145,-0.094400,0.000000,0.283200,0.000000,0.000000,0.000000,1.000000,-0.051690,0.042916,-0.008583,-1.074807,-0.005913,0.042535,0.998512
945,1788745198.668319,-0.094500,0.000000,0.283500,0.000000,0.000000,0.000000,1.000000,-0.052072,0.042916,-0.008583,-1.075189,-0.005913,0.042535,0.998512
946,1788745198.670474,-0.094600,0.000000,0.283800,0.000000,0.000000,0.000000,1.000000,-0.052072,0.042916,-0.008583,-1.075189,-0.005913,0.042535,0.998512
947,1788745198.672623,-0.094700,0.000000,0.284100,0.000000,0.000000,0.000000,1.000000,-0.052453,0.042916,-0.008583,-1.075570,-0.006294,0.042535,0.998512
948,1788745198.674798,-0.094800,0.000000,0.284400,0.000000,0.000000,0.000000,1.000000,-0.052453,0.042916,-0.008583,-1.075952,-0.006294,0.042535,0.998131
949,1788745198.676991,-0.094900,0.000000,0.284700,0.000000,0.000000,0.000000,1.000000,-0.052835,0.042916,-0.008583,-1.076333,-0.006294,0.042535,0.998512
950,1788745198.679205,-0.095000,0.000000,0.285000,0.000000,0.000000,0.000000,1.000000,-0.052835,0.042916,-0.008583,-1.076333,-0.006294,0.042535,0.998512
951,1788745198.681365,-0.095100,0.000000,0.285300,0.000000,0.000000,0.000000,1.000000,-0.052835,0.042916,-0.008583,-1.076715,-0.006676,0.042916,0.998512
952,1788745198.683514,-0.095200,0.000000,0.285600,0.000000,0.000000,0.000000,1.000000,-0.053216,0.042916,-0.008583,-1.077096,-0.006676,0.042916,0.998512
953,1788745198.685706,-0.095300,0.000000,0.285900,0.000000,0.000000,0.000000,1.000000,-0.053216,0.042916,-0.008583,-1.077096,-0.006676,0.042916,0.998131
954,1788745198.687978,-0.095400,0.000000,0.286200,0.000000,0.000000,0.000000,1.000000,-0.053216,0.042916,-0.008583,-1.077859,-0.007057,0.042916,0.998131
955,1788745198.690394,-0.095500,0.000000,0.286500,0.000000,0.000000,0.000000,1.000000,-0.053597,0.042916,-0.008583,-1.077859,-0.007057,0.043298,0.998131
956,1788745198.692675,-0.095600,0.000000,0.286800,0.000000,0.000000,0.000000,1.000000,-0.053597,0.042916,-0.008583,-1.078240,-0.007057,0.043298,0.998512
957,1788745198.695037,-0.095700,0.000000,0.287100,0.000000,0.000000,0.000000,1.000000,-0.053979,0.042916,-0.008583,-1.078622,-0.007439,0.043679,0.998512
958,1788745198.697473,-0.095800,0.000000,0.287400,0.000000,0.000000,0.000000,1.000000,-0.053979,0.042916,-0.008583,-1.079003,-0.007439,0.044061,0.998512
959,1788745198.699887,-0.095900,0.000000,0.287700,0.000000,0.000000,0.000000,1.000000,-0.053979,0.042916,-0.008583,-1.079003,-0.007439,0.044442,0.998512
960,1788745198.702225,-0.096000,0.000000,0.288000,0.000000,0.000000,0.000000,1.000000,-0.054360,0.042916,-0.008583,-1.079766,-0.007439,0.045205,0.998131
961,1788745198.704501,-0.096100,0.000000,0.288300,0.000000,0.000000,0.000000,1.000000,-0.054360,0.042916,-0.008583,-1.080148,-0.007820,0.045587,0.998512
962,1788745198.706857,-0.096200,0.000000,0.288600,0.000000,0.000000,0.000000,1.000000,-0.054742,0.043298,-0.008583,-1.080148,-0.007820,0.045968,0.998512
963,1788745198.709204,-0.096300,0.000000,0.288900,0.000000,0.000000,0.000000,1.000000,-0.054742,0.043298,-0.008583,-1.081292,-0.007820,0.046350,0.998512
964,1788745198.711539,-0.096400,0.000000,0.289200,0.000000,0.000000,0.000000,1.000000,-0.054742,0.043298,-0.008583,-1.081292,-0.007820,0.046731,0.998512
965,1788745198.713709,-0.096500,0.000000,0.289500,0.000000,0.000000,0.000000,1.000000,-0.055123,0.043298,-0.008583,-1.081674,-0.007820,0.046731,0.998512
966,1788745198.716176,-0.096600,0.000000,0.289800,0.000000,0.000000,0.000000,1.000000,-0.055123,0.043298,-0.008583,-1.081674,-0.007820,0.046731,0.998512
967,1788745198.718460,-0.096700,0.000000,0.290100,0.000000,0.000000,0.000000,1.000000,-0.055123,0.043298,-0.008583,-1.082055,-0.007820,0.046731,0.998512
968,1788745198.720683,-0.096800,0.000000,0.290400,0.000000,0.000000,0.000000,1.000000,-0.055123,0.043679,-0.008583,-1.082055,-0.007820,0.046350,0.998512
969,1788745198.722919,-0.096900,0.000000,0.290700,0.000000,0.000000,0.000000,1.000000,-0.055505,0.044061,-0.008583,-1.082818,-0.007820,0.046350,0.998131
970,1788745198.725189,-0.097000,0.000000,0.291000,0.000000,0.000000,0.000000,1.000000,-0.055505,0.044061,-0.008583,-1.082818,-0.007820,0.046350,0.998131
971,1788745198.727696,-0.097100,0.000000,0.291300,0.000000,0.000000,0.000000,1.000000,-0.055505,0.044061,-0.008583,-1.083581,-0.007820,0.046350,0.998131
972,1788745198.730215,-0.097200,0.000000,0.291600,0.000000,0.000000,0.000000,1.000000,-0.055886,0.044442,-0.008583,-1.083962,-0.008202,0.046731,0.998131
973,1788745198.732651,-0.097300,0.000000,0.291900,0.000000,0.000000,0.000000,1.000000,-0.055886,0.044442,-0.008583,-1.084344,-0.008202,0.046731,0.998131
974,1788745198.734829,-0.097400,0.000000,0.292200,0.000000,0.000000,0.000000,1.000000,-0.055886,0.044824,-0.008583,-1.084725,-0.008202,0.047112,0.998512
975,1788745198.736979,-0.097500,0.000000,0.292500,0.000000,0.000000,0.000000,1.000000,-0.056268,0.045205,-0.008583,-1.085488,-0.008202,0.047494,0.998512
976,1788745198.739243,-0.097600,0.000000,0.292800,0.000000,0.000000,0.000000,1.000000,-0.056268,0.045205,-0.008583,-1.085870,-0.007820,0.047494,0.998512
977,1788745198.741398,-0.097700,0.000000,0.293100,0.000000,0.000000,0.000000,1.000000,-0.056649,0.045205,-0.008583,-1.085870,-0.008202,0.047494,0.998512
978,1788745198.743594,-0.097800,0.000000,0.293400,0.000000,0.000000,0.000000,1.000000,-0.056649,0.045587,-0.008583,-1.086633,-0.008202,0.047875,0.998512
979,1788745198.745936,-0.097900,0.000000,0.293700,0.000000,0.000000,0.000000,1.000000,-0.056649,0.045587,-0.008583,-1.087014,-0.008202,0.047875,0.998512
980,1788745198.748275,-0.098000,0.000000,0.294000,0.000000,0.000000,0.000000,1.000000,-0.056649,0.045587,-0.008583,-1.087396,-0.008202,0.048257,0.998512
981,1788745198.750551,-0.098100,0.000000,0.294300,0.000000,0.000000,0.000000,1.000000,-0.057031,0.045968,-0.008583,-1.087777,-0.008202,0.048638,0.998512
982,1788745198.752944,-0.098200,0.000000,0.294600,0.000000,0.000000,0.000000,1.000000,-0.057031,0.046350,-0.008583,-1.088540,-0.008202,0.049401,0.998512
983,1788745198.755102,-0.098300,0.000000,0.294900,0.000000,0.000000,0.000000,1.000000,-0.057412,0.046350,-0.008583,-1.088922,-0.008202,0.050164,0.998512
984,1788745198.757431,-0.098400,0.000000,0.295200,0.000000,0.000000,0.000000,1.000000,-0.057412,0.046731,-0.008583,-1.088922,-0.008202,0.050164,0.998512
985,1788745198.759826,-0.098500,0.000000,0.295500,0.000000,0.000000,0.000000,1.000000,-0.057412,0.046731,-0.008583,-1.089303,-0.008583,0.050164,0.998512
986,1788745198.762161,-0.098600,0.000000,0.295800,0.000000,0.000000,0.000000,1.000000,-0.057794,0.047112,-0.008583,-1.089684,-0.008583,0.050164,0.998512
987,1788745198.764463,-0.098700,0.000000,0.296100,0.000000,0.000000,0.000000,1.000000,-0.057794,0.047112,-0.008965,-1.090066,-0.008583,0.050164,0.998512
988,1788745198.766801,-0.098800,0.000000,0.296400,0.000000,0.000000,0.000000,1.000000,-0.058175,0.047494,-0.008965,-1.090447,-0.008202,0.050164,0.998512
989,1788745198.769161,-0.098900,0.000000,0.296700,0.000000,0.000000,0.000000,1.000000,-0.058557,0.047494,-0.008965,-1.090829,-0.008202,0.050164,0.998512
990,1788745198.771453,-0.099000,0.000000,0.297000,0.000000,0.000000,0.000000,1.000000,-0.058557,0.047494,-0.009346,-1.091210,-0.008202,0.050164,0.998512
991,1788745198.773743,-0.099100,0.000000,0.297300,0.000000,0.000000,0.000000,1.000000,-0.058938,0.047875,-0.009346,-1.091592,-0.008583,0.050164,0.998512
992,1788745198.776049,-0.099200,0.000000,0.297600,0.000000,0.000000,0.000000,1.000000,-0.058938,0.047875,-0.009346,-1.091973,-0.008202,0.050164,0.998512
993,1788745198.778358,-0.099300,0.000000,0.297900,0.000000,0.000000,0.000000,1.000000,-0.059319,0.047875,-0.009346,-1.091973,-0.008202,0.050164,0.998512
994,1788745198.780685,-0.099400,0.000000,0.298200,0.000000,0.000000,0.000000,1.000000,-0.059701,0.048257,-0.009346,-1.092355,-0.008202,0.050546,0.998512
995,1788745198.782989,-0.099500,0.000000,0.298500,0.000000,0.000000,0.000000,1.000000,-0.060082,0.048638,-0.009346,-1.093118,-0.008583,0.050927,0.998512
996,1788745198.785171,-0.099600,0.000000,0.298800,0.000000,0.000000,0.000000,1.000000,-0.060082,0.048638,-0.009346,-1.093499,-0.008583,0.050927,0.998512
997,1788745198.787557,-0.099700,0.000000,0.299100,0.000000,0.000000,0.000000,1.000000,-0.060464,0.049020,-0.009346,-1.094263,-0.008583,0.050927,0.998512
998,1788745198.789745,-0.099800,0.000000,0.299400,0.000000,0.000000,0.000000,1.000000,-0.060464,0.049401,-0.009346,-1.094263,-0.008583,0.050927,0.998512
999,1788745198.791910,-0.099900,0.000000,0.299700,0.000000,0.000000,0.000000,1.000000,-0.060845,0.049783,-0.009346,-1.094645,-0.008583,0.050927,0.998512
1000,1788745198.794082,-0.100000,0.000000,0.300000,0.000000,0.000000,0.000000,1.000000,-0.061227,0.049783,-0.009346,-1.094645,-0.008583,0.050927,0.998512
